slug,baslik,koleksiyon,eski_sorgu
manetho-apotelesmatika-bes-gezici-yildiz,Apotelesmatika: Beş Gezici Yıldız ve Göğün Ekseni,Astroloji,manetho apotelesmatika
al-qabisi-astroloji-sanatina-giris-burclar-gezegenler,Astroloji Sanatına Giriş: Burçlar Çemberinin Yarımları ve Çeyrekleri,Astroloji,qabisi astroloji
sahl-ibn-bishr-astrolojiye-giris,Astrolojiye Giriş: On İki Burcun Doğası,Astroloji,sahl bishr
manilius-astronomica,Astronomica,Astroloji,manilius astronomica
manilius-astronomica-kozmik-sempati-kader-burclar,Astronomica: Kozmik Sempati,Astroloji,manilius astronomica
ebu-masar-astronomiye-giris-asagi-alemin-yonetimi,Astronomiye Giriş: Aşağı Alemin Yönetimi,Astroloji,masar astronomiye
cardano-tetrabiblos-serhi-gezegenler-ve-ruhun-nitelikleri,Batlamyus&#x27;a Şerh: Gezegenler ve Ruhun Nitelikleri,Astroloji,cardano tetrabiblos
giuntini-burclarin-beden-uzerindeki-tesiri,Burçların Beden Üzerindeki Tesiri: Giuntini&#x27;nin Aynasından,Astroloji,giuntini burclarin
ibn-ezra-sebepler-kitabi-burclarin-hikmeti,Burçların Hikmeti ve Yıldızların Evi,Astroloji,ezra sebepler
dorotheus-buyuk-gunes-ve-cevik-ay,Büyük Güneşi ve Çevik Ayı Gözle: Dorotheus&#x27;un İlk Kuralı,Astroloji,dorotheus buyuk
abu-mashar-buyuk-kavusumlar-satun-jupiter-mars,Büyük Kavuşumlar Üzerine,Astroloji,mashar buyuk
omar-tiberiadis-dogumlar-uzerine-uc-kitap,"Doğumlar Üzerine, Omar&#x27;a Göre, Birinci Kitap",Astroloji,omar tiberiadis
firmicus-maternus-mathesis-dort-unsurdan-yaratilan-ilahi-insan,Dört Unsurdan Yaratılan İlahi İnsan,Astroloji,firmicus maternus
firmicus-mathesis-dunyanin-dogum-haritasi-astroloji,Dünyanın Doğum Haritası ve İnsanın Küçük Evren Oluşu,Astroloji,firmicus mathesis
morin-fransiz-astrolojisi,Fransız Astrolojisi,Astroloji,morin fransiz
ptolemy-tetrabiblos-gezegenlerin-gucu,Gezegenlerin Gücü Üzerine,Astroloji,ptolemy tetrabiblos
abu-mashar-introductorium-in-astronomiam,Göklerin Devinimi ve Mevsimlerin Bilgeliği: Ebû Ma&#x27;şer&#x27;in Astronomiye Giriş&#x27;i,Astroloji,mashar introductorium
hikmetin-baslangici-ibn-ezra-burclar-kusagi,Hikmetin Başlangıcı: Burçlar Kuşağının Hikmeti,Astroloji,hikmetin baslangici
messahala-kabul-uzerine,Kabul Üzerine,Astroloji,messahala kabul
sextus-empiricus-muneccimlere-karsi,Müneccimlere Karşı,Astroloji,sextus empiricus
artemidoros-ruya-yorumu-disler-hane,Rüyada Diş Görmek Üzerine,Astroloji,artemidoros ruya
ptolemy-tetrabiblos,Tetrabiblos: Dört Kitap,Astroloji,ptolemy tetrabiblos
vettius-valens-anthologiae-yazgi-yasasi,Vettius Valens: Yazgının Yasasına Boyun Eğmek,Astroloji,vettius valens
cattan-yer-fali-sanati-geomance,Yer Falı Sanatı: Geomansi Üzerine,Astroloji,cattan fali
regiomontanus-yonelimler-cetveli-onsoz,Yönelimler Cetveli: Bir Sanatın Güçlüğü Üzerine,Astroloji,regiomontanus yonelimler
ptolemy-centiloquium-yuz-aforizma,Yüz Aforizma (Centiloquium): Bilgeliğin Göklere Yardımı,Astroloji,ptolemy centiloquium
masaallah-yil-donusleri-ve-dogumlar-uzerine,Yıl Dönüşleri ve Doğumlar Üzerine,Astroloji,masaallah donusleri
ibn-ezra-yildiz-biliminin-aleti,Yıldız Biliminin Aleti: Çeyrek Dairenin Hikmeti,Astroloji,ezra yildiz
al-kindi-de-radiis-yildiz-isinlari,Yıldız Işınları Üzerine,Astroloji,kindi radiis
leopold-avusturya-yildizlar-bilgisi-derlemesi,Yıldızlar Bilgisi Üzerine Derleme,Astroloji,leopold avusturya
firmicus-maternus-yildizlar-erdem-ve-irade,"Yıldızlar, Erdem ve İrade Üzerine",Astroloji,firmicus maternus
albubather-dogumlarin-hukmu-dindarlik,Yıldızlarda Din: Doğum Haritasından İnancı Okumak,Astroloji,albubather dogumlarin
rhetorius-yildizlarin-hukmu-ve-photios,Yıldızların Hükmü: Rhetorius&#x27;un Yıldız Falı Notları,Astroloji,rhetorius yildizlarin
sibly-occult-sciences-astroloji-tibbi-nativite,Yıldızların Hükmünde Bir Hastalık: Sibly ve Tıbbi Astroloji,Astroloji,sibly occult
haly-abenragel-yildizlarin-hukumleri-gunes,Yıldızların Hükümleri: Göğün Kandili Olan Güneş Üzerine,Astroloji,haly abenragel
firmicus-maternus-mathesis-yildizlarin-kaderi,Yıldızların Kaderi: Firmicus Maternus ve Kaderin Egemenliği,Astroloji,firmicus maternus
yildizlarin-tabiati-astroloji-sanatina-giris,Yıldızların Tabiatı ve Astroloji Sanatının Tarifi,Astroloji,yildizlarin tabiati
alcabitius-yildizlarin-yargilari-giris,Yıldızların Yargıları Sanatına Giriş,Astroloji,alcabitius yildizlarin
mashaallah-yillarin-devirleri,Yılların Devirleri Üzerine,Astroloji,mashaallah yillarin
ars-notoria-melek-belligi-solomon-hafiza-duasi,Ars Notoria: Meleklerin Bahşettiği Hafıza,Büyü ve Okült,notoria melek
ars-notoria-suleymanin-nurlu-sanati,Ars Notoria: Süleyman&#x27;ın Nurlu Sanatı,Büyü ve Okült,notoria suleymanin
peter-de-abano-heptameron-buyu-cemberi,Büyü Çemberi Üzerine: Heptameron&#x27;dan Bir Pasaj,Büyü ve Okült,peter abano
remy-daemonolatreiae-cadilarin-gece-ucusu,Cadıların Kocalarını Uyutup Şabat Toplantılarına Uçuşu,Büyü ve Okült,remy daemonolatreiae
bodin-cadilarin-iblis-cilginligi,Cadıların İblis Çılgınlığı,Büyü ve Okült,bodin cadilarin
reginald-scot-cadiligin-kesfi-yoksula-eziyet,Cadılığın Keşfi,Büyü ve Okült,reginald scot
court-de-gebelin-tarot-misir-monde-primitif,Court de Gébelin ve Tarotun Mısır Kökeni,Büyü ve Okült,court gebelin
honorius-yemin-kitabi-dua-18-dunyanin-nuru,Dünyanın Nuru: Honorius&#x27;un Yemin Kitabı&#x27;ndan On Sekizinci Dua,Büyü ve Okült,honorius yemin
del-rio-buyu-sorusturmalari-dusmanin-bin-hilesi,Düşmanın Bin Hilesi: Büyünün Kaynağındaki Aldanış,Büyü ve Okült,buyu sorusturmalari
grimorium-verum-yapitin-uc-bolumu-ve-ruhlarin-cagrilmasi,Grimorium Verum: Yapıtın Üç Bölümü ve Ruhların Çağrılması,Büyü ve Okült,grimorium verum
abramelin-hakiki-hikmet-arayisi,Hakiki Hikmet Arayışı,Büyü ve Okült,abramelin hakiki
hartlieb-butun-yasak-sanatlar-ucus-merhemi,Havada Uçuş Nasıl Olur,Büyü ve Okült,hartlieb butun
yunan-buyu-papirusleri-havadan-ruh-yardimci,Havadan Bir Ruh: Yardımcının Kutsal Kabulü,Büyü ve Okült,yunan buyu
proklos-kutsal-ayin-sanati-teurji-sempati,Kutsal Ayin Sanatı ve İlahi Tabiata Ortaklık,Büyü ve Okült,proklos kutsal
melek-raziel-kitabi-ademin-duasi-buyu-okult,Melek Raziel&#x27;in Kitabı: İlk İnsan Âdem&#x27;in Duası,Büyü ve Okült,melek raziel
musanin-altinci-kitabi-yuce-esrar,Musa&#x27;nın Altıncı Kitabı: Yüce Esrarın Anahtarı,Büyü ve Okült,musanin altinci
waite-okult-bilimler-buyucu-dogmaz-yapilir,"Okült Bilimler: Büyücü Doğmaz, Yapılır",Büyü ve Okült,waite okult
enchiridion-papa-leo-tilsimli-dualar,Papa Leo&#x27;nun El Kitabı: Altın Harflerle Taşınan Dualar,Büyü ve Okült,enchiridion papa
cardano-somniorum-synesiorum-ruyalarin-dogasi,Rüyaların Doğası Üzerine,Büyü ve Okült,cardano somniorum
artemidoros-ruyalarin-yorumu-kehanet-ruyasi,Rüyaların Yorumu,Büyü ve Okült,artemidoros ruyalarin
weyer-pseudomonarchia-daemonum-sahte-iblis-kralligi,"Sahte İblis Krallığı: Marbas, Amon ve Barbatos",Büyü ve Okült,weyer pseudomonarchia
simya-biliminin-dogusu-lewis-spence,Simya Biliminin Doğuşu ve Avrupa&#x27;ya Yayılışı,Büyü ve Okült,simya biliminin
suleymanin-anahtari-cemberin-hazirligi,Süleyman&#x27;ın Anahtarı: Çemberin Hazırlanışı,Büyü ve Okült,suleymanin anahtari
cecco-dascoli-kure-serhi-yildiz-tilsimlari,Yıldız Tılsımları ve Cinlerin Sesi: Cecco d&#x27;Ascoli&#x27;nin Küre Şerhi,Büyü ve Okült,cecco dascoli
sinistrari-demoniality-pavia-hieronyma-incubus,İblislik Üzerine: Pavia&#x27;lı Kadının Hikâyesi,Büyü ve Okült,sinistrari demoniality
guazzo-compendium-maleficarum-seytanin-duyulari-aldatmasi,Şeytan Duyuları Nasıl Aldatır,Büyü ve Okült,guazzo compendium
weyer-seytanlarin-hileleri,Şeytanların Hileleri Üzerine,Büyü ve Okült,weyer seytanlarin
antimonun-zafer-arabasi-ezoterik-tip,Antimonun Zafer Arabası,Ezoterik Tıp,antimonun zafer
fernel-formlarin-mertebeleri,Formların Mertebeleri,Ezoterik Tıp,fernel formlarin
severinus-idea-medicinae-philosophicae-hekim-ve-dogadaki-butun-duzen,Hekim ve Doğadaki Bütün Düzen,Ezoterik Tıp,severinus idea
van-helmont-humoral-tibba-karsi,Hummanın Bilinmezliği ve Dört Hılt Öğretisinin Çöküşü,Ezoterik Tıp,helmont humoral
culpeper-bitkiler-ve-gezegenler-goklerin-otlar-uzerindeki-etkisi,Yıldızların Otlar Üzerindeki Yüce Etkisi,Ezoterik Tıp,culpeper bitkiler
basilides-var-olmayan-tanri-ve-evrensel-tohum,Basilides ve Var Olmayan Tanrı: Evrensel Tohum Öğretisi,Gnostisizm,basilides olmayan
hakikat-incili-valentinuscu-sophia-yanilgisi-hermetizm,Hakikat İncili Geleneği: Sophia&#x27;nın Yanılgısı ve Baba&#x27;nın Merhameti,Gnostisizm,hakikat incili
pistis-sophia-sofianin-dususu-on-ucuncu-eon,Pistis Sophia: Sofia&#x27;nın Düşüşü,Gnostisizm,pistis sophia
irenaeus-sapkinliklara-karsi-valentinuscu-aionlar,Sapkınlıklara Karşı: Valentinusçu Aionlar,Gnostisizm,irenaeus sapkinliklara
bruce-kodeksi-setheus-uklumu-aeonlar,Setheus&#x27;un Uçurumu: Bruce Kodeksi ve Aeonların Doluluğu,Gnostisizm,bruce kodeksi
simon-magus-buyuk-bildiri-ates-agaci,Simon Magus: Büyük Bildiri ve Ateş Ağacı,Gnostisizm,simon magus
mead-unutulmus-inancin-kalintilari-sofia-gelin-odasi-ezgisi,Sofia&#x27;ya Övgü: Işıktan Gelin Odasının Ezgisi,Gnostisizm,mead unutulmus
theodotostan-secmeler-valentinuscu-ruh,Theodotos&#x27;tan Seçmeler: Valentinusçu Ruh Öğretisi,Gnostisizm,theodotostan secmeler
thomas-incili-yasayan-isanin-sozleri-icimizdeki-krallik,Yaşayan İsa&#x27;nın Sözleri: İçinizdeki Krallık,Gnostisizm,thomas incili
yuhannanin-sirri-barbelo-kozmogonisi-irenaeus,Yuhanna&#x27;nın Sırrı: Barbelo Kozmogonisi,Gnostisizm,yuhannanin sirri
bardaisan-ulkelerin-yasalari-kitabi-kader-yildizlar,"Ülkelerin Yasaları Kitabı: Kader, Yıldızlar ve İnsanın İradesi",Gnostisizm,bardaisan ulkelerin
inci-ilahisi-ruhun-inisi,İnci İlahisi: Ruhun Doğu&#x27;dan İnişi ve Işıklı Kaftanın Çıkarılışı,Gnostisizm,inci ilahisi
francis-potter-666-sayisinin-kokunu-cikarmak,666 Sayısının Kökünü Çıkarmak,Hermetizm,francis potter
asclepius,Asclepius: Duyulur Tanrı Olarak Kozmos,Hermetizm,asclepius
asclepius-tanri-yapan-heykeller-hermetik-diyalog,Asklepios: Tanrı Yapan Heykeller,Hermetizm,asclepius tanri
valeriano-hieroglyphica-aslanin-avinda-ruhun-dogasi,Aslanın Avında Ruhun Doğası: Kadim Mezar Simgeleri,Hermetizm,valeriano hieroglyphica
bocchi-hermathena-simgesel-sorular,Bocchi ve Hermathena: Simgesel Sorularla Erdemin Zaferi,Hermetizm,bocchi hermathena
biruni-hindistan-tanri-birligi,Doğmamış ve Doğurmamış Olan: Bîrûnî&#x27;nin Kalemiyle Tanrı&#x27;nın Birliği,Hermetizm,biruni hindistan
dunyanin-bakiresi-kore-kosmou-isis-horus,Dünyanın Bakiresi: Isis&#x27;in Horus&#x27;a Sırrı,Hermetizm,dunyanin bakiresi
hekimin-dini-gizemde-kendini-kaybetmek-hermetizm,Gizemde Kendini Kaybetmek,Hermetizm,hekimin dini
ihvan-i-safa-hayvanlarin-davasi-kral-divani,Hayvanların Davası: Cin Kralının Divanında Bir Bilgenin Öğüdü,Hermetizm,ihvan safa
hermetik-sanat-uzerine-kisa-bir-sorusturma-1714,Hermetik Sanat Üzerine Kısa Bir Soruşturma,Hermetizm,hermetik sanat
hermetika-vii-en-buyuk-kotuluk-tanri-cehaleti,Hermetika VII: İnsanlar Arasındaki En Büyük Kötülük Tanrı Cehaletidir,Hermetizm,hermetika buyuk
hermetika-x-anahtar-iyilik-goruntusu,Hermetika X: Anahtar,Hermetizm,hermetika anahtar
horapollon-hieroglyphica-yilan-ile-sonsuzluk-ve-kozmos,Hieroglyphica: Yılanla Anlatılan Sonsuzluk ve Kâinat,Hermetizm,horapollon hieroglyphica
kildani-kehanetleri-ata-zihni-ve-ruhun-donusu,Kildani Kehanetleri: Ata Zihni ve Ruhun Simgeleri,Hermetizm,kildani kehanetleri
kore-kosmou-dunyanin-bakiresi-isis-horus-mead,Kore Kosmou: Dünyanın Bakiresi,Hermetizm,kore kosmou
hermetika-dort-krater-zihin-vaftizi,Krater ya da Monad: Zihnin Vaftizi,Hermetizm,hermetika dort
muzaffer-canavarin-kovulusu-erdemler-ayiplar-reformu,Muzaffer Canavarın Kovuluşu: Ruhun Ayıplarla Savaşı ve Göğün Reformu,Hermetizm,muzaffer canavarin
ripa-iconologia-misir-hikmeti-hermetik-suret,Mısır Hikmeti ve Suretin Örtüsü,Hermetizm,ripa iconologia
poimandres-o-isik-benim-hermetik-ilahi-akil,"Poimandres: O Işık Benim, Senin Tanrın, Akıl",Hermetizm,poimandres isik
poimandres-ilahi-zihnin-gorunmesi,Poimandres: İlahi Zihnin Görünmesi,Hermetizm,poimandres ilahi
poliphilonun-ruya-savasi-karanlik-orman,Poliphilo&#x27;nun Rüya Savaşı: Karanlık Ormanda,Hermetizm,poliphilonun ruya
pomponazzi-ruhun-olumsuzlugu-iman-akil-hermetizm,Ruhun Ölümsüzlüğü Üzerine Risale,Hermetizm,pomponazzi ruhun
ihvan-i-safa-sayi-ilimlerin-kokudur,"Sayı, İlimlerin Kökü ve Manaların Alfabesidir",Hermetizm,ihvan safa
suleymanin-muhru-ornias-cini,Süleyman&#x27;ın Mührü ve Cin Ornias,Hermetizm,suleymanin muhru
maier-arcana-arcanissima-hiyeroglifin-kilidi,Sırların En Gizlisi: Mısır-Yunan Hiyeroglifinin Anahtarı,Hermetizm,maier arcana
sirlarin-sirri-gizli-ilimlerin-perdelenmesi,Sırların Sırrı: Gizli İlimlerin Perdelenmesi,Hermetizm,sirlarin sirri
alciato-emblemata-tanri-ya-da-din,Tanrı ya da Din: İsis&#x27;in Eşeği ve Yol Ağzındaki Hermes,Hermetizm,alciato emblemata
tanri-sonsuz-kure-yirmi-dort-filozof-kitabi,"Tanrı, Merkezi Her Yerde Olan Sonsuz Küredir",Hermetizm,tanri sonsuz
balinas-yaratilisin-sirri-serapis-tapinagi,Yaratılışın Sırrı: Serapis Tapınağında Hermes ile Karşılaşma,Hermetizm,balinas yaratilisin
plethon-yasalar-uzerine-tanrilar-uzerine-anlasmazlik,Yasalar Üzerine: Tanrılar Hakkında Anlaşmazlık,Hermetizm,plethon yasalar
hermetica-xiii-yeniden-dogus,Yeniden Doğuş Üzerine Gizli Vaaz,Hermetizm,hermetica xiii
hermetika-13-yeniden-dogus-dagdaki-gizli-vaaz,Yeniden Doğuşa Dair Dağdaki Gizli Vaaz,Hermetizm,hermetika yeniden
philostratus-apollonius-ilk-tanri,İlk Tanrı&#x27;ya Sunulan Sessiz Söz,Hermetizm,philostratus apollonius
isis-horustan-dunyanin-bakiresi-ruhun-bedene-inisi,İsis&#x27;ten Horus&#x27;a: Ruhun Bedene İnişi,Hermetizm,isis horustan
van-helmont-aritilmis-hekimlik-sifa-arayisi,Şifanın Sessiz Çilesi: Van Helmont&#x27;un İtirafı,Hermetizm,helmont aritilmis
gikatilla-adalet-kapilari-uc-sefirot-ucgeni,Adalet Kapıları: Sefirotların Üç Üçlüsü ve Biricik İsim,Kabbalah,gikatilla adalet
abraham-abulafia-aklin-isigi,"Aklın Işığı: İnsan, Küçük Bir Evren",Kabbalah,abraham abulafia
moses-de-leon-kutsal-mabet-sekinah,"Aşağıdaki Mabet, Yukarıdaki Örüntünün Sırrıdır",Kabbalah,moses leon
akkolu-ishak-canin-hazinesi-tovbe-ve-hikmet,Canımın Bildiği Şey: Akkolu İshak&#x27;ın İtirafı,Kabbalah,akkolu ishak
van-helmont-seder-olam-dort-alem,Dört Âlem ve On Sudur: İbrani Bilgelerin Kabala Öğretisi,Kabbalah,helmont seder
abulafia-gelecek-dunyanin-yasami,Gelecek Dünyanın Yaşamı,Kabbalah,abulafia gelecek
welling-opus-mago-cabbalisticum-gercek-kabala,Gerçek Kabala: Doğanın Alfabesinin Anahtarı,Kabbalah,welling opus
recanati-taamei-ha-mitzvot-hidden-and-manifest-kabbalah,Gizli Olan ile Aşikâr Olan: Recanati&#x27;nin Kabbalistik Öğretisi,Kabbalah,recanati taamei
postel-gizli-seylerin-anahtari,Gizli Şeylerin Anahtarı,Kabbalah,postel gizli
gizlilik-kitabi-kadim-yuz-sakali,Gizlilik Kitabı: Kadim Olan&#x27;ın Sakalı,Kabbalah,gizlilik kitabi
herrera-gate-of-heaven-four-worlds-kabbalah,Göğün Kapısı: Meleklerin Esîrî Bedenleri ve Kabala&#x27;nın Dört Âlemi,Kabbalah,herrera gate
temunah-harflerin-sureti-yaratilis-kitabi,Harflerin Sureti: Yaratılış Kitabı&#x27;nda İki Yüz Otuz Bir Kapı,Kabbalah,temunah harflerin
sefer-ha-peliyah-book-of-wonder-tek-irade,Harikalar Kitabı: Tek İrade ve İsmin Sırrı,Kabbalah,sefer peliyah
etz-hayim-adam-kadmon-yaratilis-mertebeleri,Hayat Ağacı: Adam Kadmon ve Yaratılışın Mertebeleri,Kabbalah,hayim adam
menasseh-ben-israel-nishmat-hayyim-ruhun-onceligi,Hayatın Ruhu: İnsanı Taçlandıran Ruh Üzerine,Kabbalah,menasseh israel
sefer-ha-bahir-isik-koktur,Işık Köktür: Kadim Nur Üzerine,Kabbalah,sefer bahir
kabbala-denudata,Kabalanın Açılışı,Kabbalah,kabbala denudata
kabbala-denudata-alef-harfi-ve-sefirotlar,Kabbala Denudata: Alef Harfi ve Sefirotların Sudûru,Kabbalah,kabbala denudata
sefer-ha-bahir-kadim-isik-ve-karanlik,Kadim Işık ile Kadim Karanlık: Yaratılıştan Önce,Kabbalah,sefer bahir
emek-ha-melech-kralin-vadisi-tzimtzum,Kralın Vadisi: İlahî Işığın Katlanışı,Kabbalah,emek melech
meir-ibn-gabbai-kutsal-hizmet-birlik-sirri,Kutsal Hizmet: Birlik Sırrı ve Duanın Niyeti,Kabbalah,meir gabbai
ibn-gabbai-kutsal-hizmet-ruhun-donusu,Kutsal Hizmet: Ruhun Yukarı Kaynağına Özlemi,Kabbalah,gabbai kutsal
gikatilla-kutsal-isimlerin-hazine-evi,Kutsal İsimlerin Hazine Evi,Kabbalah,gikatilla kutsal
da-fano-kabbalah-kutsamalarin-niyeti,Kutsamaların Niyeti: Kabbalistik Derlemeden Bir Pasaj,Kabbalah,fano kabbalah
melek-raziel-adem-e-verilen-kitap,Melek Raziel&#x27;in Adem&#x27;e Verdiği Kitap,Kabbalah,melek raziel
ibn-gabirol-crown-of-the-kingdom-kabbalah-prayer,Melekûtun Tacı: İlahi İradeye Bir Niyaz,Kabbalah,gabirol crown
cordovero-nar-bahcesi-sudurun-sirri,Nar Bahçesi: Sudûrun Sırrı ve Sefirot&#x27;un Kanalları,Kabbalah,cordovero bahcesi
cordovero-pardes-rimonim-on-sefirot,Nar Bahçesinin On Sefirotu Üzerine,Kabbalah,cordovero pardes
azriel-gerona-on-sefirot-aciklamasi,On Sefirot&#x27;un Açıklaması: Ain Soph&#x27;tan Taşan Kudretler,Kabbalah,azriel gerona
chaim-vital-reenkarnasyon-kapisi-dallar-kapisi,Ruhun İnişi ve Kıvılcımların Arınması: Dallar Kapısı,Kabbalah,chaim vital
sefer-ha-pelia-hikmet-anlayis-bilgi-yaratilis,"Sefer ha-Peliah: Hikmet, Anlayış ve Bilgi Üzerine",Kabbalah,sefer pelia
moses-de-leon-sefirotlara-akan-ilahi-bereket,Sefirotlara Akan İlahi Bereket,Kabbalah,moses leon
kalbin-gorevleri-tanrinin-huzurunda-yasamak,Tanrı&#x27;yı Daima Önünde Tutmak: Kalbin Hizmeti,Kabbalah,kalbin gorevleri
teli-gokyuzu-ejderi-yetzirah-kabbalah,Teli: Göklerin Ejderi ve Tahtındaki Kral,Kabbalah,teli gokyuzu
nahmanides-secrets-of-the-torah-introduction,Tevrat&#x27;ın Sırları: Ramban&#x27;ın Tevrat Şerhine Girişi,Kabbalah,nahmanides secrets
luzzatto-tikkunim-pethach-eliyahu,"Tikkunlar&#x27;a Giriş: Efendi, Sen Birsin",Kabbalah,luzzatto tikkunim
horowitz-iki-levha-yaratilistan-once,Yaratılıştan Önce: O ve O&#x27;nun Adı,Kabbalah,horowitz levha
cordovero-or-yakar-bereshit-adalet-ve-merhamet-isigi,Yaratılışın İki Işığı: Adalet ve Merhamet,Kabbalah,cordovero yakar
sefer-ha-temunah-yirmi-iki-temel-harf,Yirmi İki Temel Harf: Yaratılış Kitabı,Kabbalah,sefer temunah
bilgeligin-baslangici-yurege-giren-ogut,Yüreğe İşleyen Öğüt: Bir Kabalistin Vasiyeti,Kabbalah,bilgeligin baslangici
chaim-vital-hayat-agaci-ofke-ve-alcakgonulluluk,Öfke Bütün Kötülüklerin Köküdür,Kabbalah,chaim vital
cordovero-pardes-rimmonim-gate-of-the-essence,Öz Kapısı: On Sefira ve Yaratılış Kitabı&#x27;nın Sırrı,Kabbalah,cordovero pardes
idra-rabba-buyuk-meclis-sakalin-tertibi,İdra Rabba: Büyük Meclis ve Sakalın On Üç Tertibi,Kabbalah,idra rabba
kor-ishak-tefekkur-ilahi-irade-kabala,İlahi İradeye Teslim: Kalbin Tefekkürü Üzerine,Kabbalah,ishak tefekkur
gikatilla-gates-of-light-names-as-keys-kabbalah,"İlahi İsimler, Her Kapıyı Açan Anahtarlardır",Kabbalah,gikatilla gates
kabbala-denudata-tetragrammaton-jod-he-kabbalah,İsmin Harfleri: Yod ile He&#x27;nin Sırrı,Kabbalah,kabbala denudata
bahir-israil-tacli-ogul-ve-suren-agac,İsrail&#x27;in Tacı ve Süren Ağaç: Bahir&#x27;den Bir Mesel,Kabbalah,bahir israil
isaac-luria-sabat-sofrasi-ilahileri-kutsal-elmalar-tarlasi,Şabat Sofrası İlahileri: Kutsal Elmalar Tarlası ve Üç Öğün,Kabbalah,isaac luria
maimonides-saskinlar-icin-kilavuz-simsek-cakislari,Şimşek Çakışları: Tanrı&#x27;yı İdrak Mertebeleri,Kabbalah,maimonides saskinlar
aratus-phaenomena-hayvanlar-cemberi,"Aratos, Phainomena: Hayvanlar Çemberi ve Güneşin Yıllık Yolculuğu",Kozmoloji,aratus phaenomena
cardano-de-subtilitate-dunyanin-duzeni,Bütün Dünyanın Düzeni ve Göklerin Seyri Üzerine,Kozmoloji,cardano subtilitate
makrokozmos-mikrokozmos-buyuk-insan-kucuk-dunya,Büyük Âlem ve Küçük İnsan: Makrokozmos ile Mikrokozmos,Kozmoloji,makrokozmos mikrokozmos
plinius-dogal-tarih-ii-evren,Doğal Tarih II: Evren,Kozmoloji,plinius dogal
francesco-giorgi-harmonia-mundi-muzigin-gucu,Doğanın ve İlahi Şeylerin Uyumunda Gizli Güç,Kozmoloji,francesco giorgi
doganin-sikayeti-jean-de-meun-tabiat-itiraf,Doğanın Şikâyeti: Tabiat&#x27;ın İtirafı,Kozmoloji,doganin sikayeti
fontenelle-dunyalarin-coklugu-aydaki-insanlar,Dünyaların Çokluğu Üzerine Söyleşiler,Kozmoloji,fontenelle dunyalarin
honorius-dunyanin-sureti-alemin-yumurta-benzetmesi,Dünyanın Sureti: Âlemin Biçimi ve Dört Unsur,Kozmoloji,honorius dunyanin
giorgi-de-harmonia-mundi-dunyanin-uyumu,Dünyanın Uyumu Üzerine,Kozmoloji,giorgi harmonia
hyginus-poetica-astronomica-draco-ejderha,Ejderha: İki Ayı Arasına Yerleştirilen Yılan,Kozmoloji,hyginus poetica
nicholas-of-cusa-erisilmezin-erisilmezligi,Erişilmezin Erişilmez Biçimde Erişilmesi,Kozmoloji,nicholas cusa
cardano-seylerin-cesitliligi-evren-ve-gok-felekleri,Evrenin Birliği ve Sonsuzluğu Üzerine,Kozmoloji,cardano seylerin
campanella-seylerin-duyusu-evrenin-duyusu,"Evrenin Duyusu: Dünya, Yüce Tanrı&#x27;nın Yaşayan Bir Tapınağıdır",Kozmoloji,campanella seylerin
timaios-lokrili-evrenin-ruhu-uzerine,Evrenin Ruhu ve Doğa Üzerine,Kozmoloji,timaios lokrili
chalcidius-timaios-serhi-evrenin-ruhu,Evrenin Ruhu: Tanrı&#x27;nın Biçimlendirdiği Yetkin Küre,Kozmoloji,chalcidius timaios
ocellus-lucanus-evrenin-tabiati-uzerine,Evrenin Tabiatı Üzerine,Kozmoloji,ocellus lucanus
omer-hayyam-rubailer-ezel-kalemi-ve-kaderin-cizgisi,Ezelin Şafağı ve Kaderin Değişmez Kalemi,Kozmoloji,omer hayyam
martianus-capella-filoloji-ile-merkurun-dugunu,Filoloji ile Merkür&#x27;ün Düğünü,Kozmoloji,martianus capella
campanella-galileo-savunmasi-kopernik-lehine,Galileo İçin Savunma: Kopernik&#x27;in Lehine Deliller,Kozmoloji,campanella galileo
isidoros-etymologiae-gokler-gok-kuresi,Gök ve Onun Adı Üzerine,Kozmoloji,isidoros etymologiae
cleomedes-gokler-uzerine-donen-kureler,Gökler Üzerine: Dönen Kürelerin Kuramı,Kozmoloji,cleomedes gokler
tycho-brahe-yeni-yildiz-1572-goklerin-yasasi,Göklerde Beliren Yeni Yıldız: Aristoteles&#x27;in Yasasını Bozan Işık,Kozmoloji,tycho brahe
fergani-goklerin-yuvarlakligi,Göklerin Yuvarlaklığı ve Yıldızların Dairesel Devinimi Üzerine,Kozmoloji,fergani goklerin
copernicus-goksel-kureler,Göksel Kürelerin Devinimleri Üzerine,Kozmoloji,copernicus goksel
thomas-digges-goksel-makinenin-yeni-anatomisi,Göksel Makinenin Yeni Anatomisi,Kozmoloji,thomas digges
alfraganus-gokyuzu-bir-kuredir,Gökyüzü Bir Küredir,Kozmoloji,alfraganus gokyuzu
gogun-kuresi-sacrobosco-sphaera-mundi,Göğün Küresi,Kozmoloji,gogun kuresi
campanella-gunes-kenti-gunes-tapinagi,Güneş Kenti: Göklerin Resmedildiği Tapınak,Kozmoloji,campanella gunes
basileios-hexaemeron-baslangicta-yaratan-tanri,Hexaemeron: Yaratılışın Başlangıcı ve Zamanın Doğuşu,Kozmoloji,basileios hexaemeron
fracastoro-homocentrica-dokuzuncu-sekizinci-kure,Homocentrica: Dokuzuncu ve Sekizinci Kürenin Devinimi Üzerine,Kozmoloji,fracastoro homocentrica
cosmas-indicopleustes-hristiyan-topografyasi-cadir-evren,Hristiyan Topografyası: Çadır ve Evrenin Sureti,Kozmoloji,cosmas indicopleustes
apian-cosmographia-nedir,Kozmografya Nedir,Kozmoloji,apian cosmographia
macrobius-scipio-ruyasi-serhi-kurelerin-uyumu,Kürelerin Uyumu: Göklerin Sesi Üzerine,Kozmoloji,macrobius scipio
gilbert-de-magnete-miknatisin-ruhu,Mıknatısın Ruhu Üzerine,Kozmoloji,gilbert magnete
telesio-nesnelerin-dogasi-uzerine-canli-evren,Nesnelerin Doğasına Duyu Verildiğinde: Yaşayan Evren,Kozmoloji,telesio nesnelerin
aratos-phainomena-zeus-ile-baslayalim,Phainomena: Zeus ile Başlayalım,Kozmoloji,aratos phainomena
philolaos-sayi-ve-kozmos,Philolaos: Sayı ve Kozmos,Kozmoloji,philolaos sayi
ramon-llull-ars-brevis-ilahi-bilginin-sureti,"Ramon Llull, Ars Brevis: İlahi Bilginin Sureti Olan Sanat",Kozmoloji,ramon llull
cicero-scipionun-ruyasi-kurelerin-uyumu,Scipio&#x27;nun Rüyası: Kürelerin Uyumu,Kozmoloji,cicero scipionun
sabunde-dogal-teoloji-yaratiklar-kitabi,Yaratıkların Kitabı: Tek Ustanın Kanıtı,Kozmoloji,sabunde dogal
tycho-astronomi-alistirmalari,Yenilenmiş Astronominin Alıştırmaları,Kozmoloji,tycho astronomi
sacrobosco-de-sphaera-yerin-yuvarlakligi,Yerin Yuvarlaklığı Üzerine,Kozmoloji,sacrobosco sphaera
burnet-yeryuzunun-kutsal-kurami,Yeryüzünün Kutsal Kuramı,Kozmoloji,burnet yeryuzunun
galileo-yildiz-habercisi,Yıldız Habercisi,Kozmoloji,galileo yildiz
biruni-kadim-milletlerin-kronolojisi-yilin-tabiati,Yılın Tabiatı Üzerine: Güneşin Dönüşü ve Gözlemin Alçakgönüllülüğü,Kozmoloji,biruni kadim
conchesli-william-dunyanin-felsefesi-zit-unsurlar-ve-yaratici,Zıt Unsurlardan Kurulan Dünya ve Onu Düzene Koyan Bilgelik,Kozmoloji,conchesli william
cardano-incelik,İncelik Üzerine,Kozmoloji,cardano incelik
cardano-inceligin-kitabi-unsurlar-ve-formlar,"İnceliğin Kitabı: Unsurlar, Biçimler ve Evrenin Düzeni",Kozmoloji,cardano inceligin
seylerin-tabiati-sicaklik-soguk-madde-telesio-gelenegi,"Şeylerin Tabiatı: Sıcaklık, Soğukluk ve Madde",Kozmoloji,seylerin tabiati
proklos-euclid-serhi-geometri-ve-ruhun-uc-dairesi,Geometri ve Ruh: Üç Dairenin Sırrı,Kutsal Geometri ve Mimari,proklos euclid
serlio-birinci-kitap-geometri-kutsal-formlar,Kusursuz Dairenin Merkezi: Serlio ve Mimarinin İlk Biçimleri,Kutsal Geometri ve Mimari,serlio birinci
kyros-bahcesi-quincunx-gokyuzunun-kutsal-geometrisi,Kyros Bahçesi: Quincunx ve Göğün Şehrinin Mistik Matematiği,Kutsal Geometri ve Mimari,kyros bahcesi
alberti-mimarlik,Mimarlık Üzerine,Kutsal Geometri ve Mimari,alberti mimarlik
vitruvius-mimarlik,Mimarlık Üzerine On Kitap,Kutsal Geometri ve Mimari,vitruvius mimarlik
di-giorgio-mimarlik-incelemesi-vitruvius-orantilari,Mimarlık İncelemesi: Vitruvius Zincirinde Güzelliğin Kanunları,Kutsal Geometri ve Mimari,giorgio mimarlik
palladio-mimarligin-dort-kitabi-guzellik-oran,"Mimarlığın Dört Kitabı: Güzellik, Bütünün Parçalarla Uyumundan Doğar",Kutsal Geometri ve Mimari,palladio mimarligin
boethius-muzik,Müziğin İlkeleri Üzerine,Kutsal Geometri ve Mimari,boethius muzik
nicomachus-aritmetige-giris-kurelerin-muzigi,Ruhu Uyandıran Dört Bilim ve Sayının Önceliği,Kutsal Geometri ve Mimari,nicomachus aritmetige
theon-smyrna-matematik-platon-delos-sunagi,Tanrının Buyurduğu Sunak: Geometriyi Küçümseyen Yunanlılara Bir Sitem,Kutsal Geometri ve Mimari,theon smyrna
euclid-elements-geometry-definitions,Öğeler: Geometrinin İlk Tanımları,Kutsal Geometri ve Mimari,euclid elements
pacioli-ilahi-oran,İlahi Oran Üzerine,Kutsal Geometri ve Mimari,pacioli ilahi
cesariano-vitruvius-serhi-insan-bedeni-daire-kare,"İnsan Bedeni, Daire ve Kare: Kutsal Tapınağın Ölçüsü",Kutsal Geometri ve Mimari,cesariano vitruvius
durer-insan-simetrisi,İnsan Bedeninin Simetrisi,Kutsal Geometri ve Mimari,durer insan
eckartshausen-mabedin-uzerindeki-bulut-alacakaranlik-cagi,Alacakaranlık Çağı: Mabedin Üzerindeki Bulut&#x27;tan Birinci Mektup,Mistik Teoloji,eckartshausen mabedin
al-muhasibi-riaya-allahin-hakkini-gozetmek-mistik-teoloji,"Allah&#x27;ın Hakkını Gözetmek: Vefa, Edep ve Mürüvvet",Mistik Teoloji,muhasibi riaya
weigel-altin-kavrayis-kendini-bilme,Altın Kavrayış: Kendini Bilmenin Aynası,Mistik Teoloji,weigel altin
evagrios-pontikos-arinmis-zihin-ve-dua,Arınmış Zihin ve Dikkati Dağılmayan Dua,Mistik Teoloji,evagrios pontikos
annie-besant-yogaya-giris-benlige-giden-yol,Benlik Yoluyla Benliğe Ulaşmak,Mistik Teoloji,annie besant
bilinmezlik-bulutu-uculuncu-bolum,Bilinmezlik Bulutu,Mistik Teoloji,bilinmezlik bulutu
bilinmezlik-bulutu-tefekkurun-merdiveni,Bilinmezlik Bulutu: Tefekkürün Merdiveni,Mistik Teoloji,bilinmezlik bulutu
pordage-theologia-mystica-buzulmus-goz,Büzülmüş Göz: Kendini Gizemine Kapatan Tanrı,Mistik Teoloji,pordage theologia
jane-lead-bahceler-cesmesi-cennet-kapisi,Cennet Kapısı Size Açık Duruyor,Mistik Teoloji,jane lead
cennet-ilahileri-bahcenin-sirlari-efraim,Cennet İlahileri: Bahçenin Sırları,Mistik Teoloji,cennet ilahileri
aphrahat-dua-uzerine-kanitlama,Dua Üzerine Kanıtlama: Yüreğin Arılığı,Mistik Teoloji,aphrahat uzerine
duanin-kisa-ve-kolay-yolu-guyon-yurek-duasi,Duanın Kısa ve Kolay Yolu: Yürek Duası,Mistik Teoloji,duanin kisa
william-law-duanin-ruhu,"Duanın Ruhu, Birinci Bölüm",Mistik Teoloji,william duanin
bourignon-dunyanin-isigi-son-merhamet,Dünyanın Işığı: Şamdana Konan Nur,Mistik Teoloji,bourignon dunyanin
henry-suso-ebedi-bilgelik-gelin,Ebedi Bilgelik: Gencin Ruhunu Tutuşturan Gelin,Mistik Teoloji,henry suso
khunrath-ebedi-hikmet,Ebedi Hikmetin Amfiteatrı,Mistik Teoloji,khunrath ebedi
suso-ebedi-hikmet-kitabi-mistik-teoloji,Ebedî Hikmet Sesleniyor: Çarmıhtan Konuşan Şefkat,Mistik Teoloji,suso ebedi
nesimi-divan-kamil-insan-ademe-secde,Ey İlâhî Kitab&#x27;ın Nüshası: Nesîmî&#x27;nin Dilinden Kâmil İnsan,Mistik Teoloji,nesimi divan
kempis-mesihin-taklidi-hakikatin-ogretisi-ic-hayat,Ezelî Kelâm&#x27;ın Konuştuğu Ruh: Hakikatin Öğretisi Üzerine,Mistik Teoloji,kempis mesihin
julian-of-norwich-findik-gorumu-ilahi-sevgi,Fındık Kadar Küçük Bir Şey: Julian&#x27;ın Görümü,Mistik Teoloji,julian norwich
dionysius-goksel-hiyerarsi,Göksel Hiyerarşi ve İlahi İsimler,Mistik Teoloji,dionysius goksel
saadi-gulistan-onsoz-sukur-ve-ilahi-merhamet,Gülistan: Önsöz — Şükür ve İlahi Merhamet,Mistik Teoloji,saadi gulistan
bar-hebraeus-guvercin-kitabi-kamillerin-ruhani-huzuru,Güvercin Kitabı: Kâmillerin Ruhani Huzuru,Mistik Teoloji,hebraeus guvercin
gazali-tasavvuf-hakikat-yolu,Hakikat Yolunun Öncüleri: Sufiler ve Kalbin Arınması,Mistik Teoloji,gazali tasavvuf
imitatio-christi-hakikat-ogretisi,Hakikatin Öğretisi Üzerine,Mistik Teoloji,imitatio christi
avilali-teresa-ruhun-mansiyonlari-hayat-pinari,Hayat Pınarı: Herkese Açık İlahi Su,Mistik Teoloji,avilali teresa
angela-foligno-hac-goruntusu-ates,Haçın Görüntüsü ve Sevginin Ateşi,Mistik Teoloji,angela foligno
ibn-arabi-arzular-tercumani-ask-dini,Kalbim Her Sûrete Açıldı,Mistik Teoloji,arabi arzular
clairvauxlu-bernard-tanriyi-sevmek-uzerine,Kalbin İçinde Mesih: Tanrıyı Sevmek ve Çarmıha Gerilenin Suretini Seyretmek,Mistik Teoloji,clairvauxlu bernard
haclimli-yahya-karanlik-gece-ilahi-birlesme,Karanlık Gece: Ruhun İlahi Birleşmeden Önceki Yok Oluşu,Mistik Teoloji,haclimli yahya
valentin-weigel-kendini-bil,Kendini Bil,Mistik Teoloji,valentin weigel
tauler-vaazlar-teslimiyet-derin-deniz,Kendini Tümüyle Tanrı&#x27;ya Bırakmak,Mistik Teoloji,tauler vaazlar
angelus-silesius-kerubi-yolcu-ruhun-duasi,Kerubî Yolcu: Ruh ile Dua,Mistik Teoloji,angelus silesius
maximos-mistagogia-kilise-tanrinin-sureti,Kilisenin Tanrı&#x27;nın Sureti ve Tipi Oluşu Üzerine,Mistik Teoloji,maximos mistagogia
al-sarraj-kitab-al-luma-sufi-marifeti-mistik-teoloji,Kitâbü&#x27;l-Luma&#x27;: Sûfînin Ledünnî Marifeti,Mistik Teoloji,sarraj kitab
bilinmezlik-bulutu-kusursuz-sevenlerin-mertebesi,Kusursuz Sevenlerin Mertebesine Yükseliş,Mistik Teoloji,bilinmezlik bulutu
nizami-leyla-mecnun-ilahi-ask-mistik-teoloji,Leylâ ile Mecnûn: Aşkın Hakikati ve Kutsallığı,Mistik Teoloji,nizami leyla
jami-lavaih-parilti-dort-fani-alem,Lâvâih: Işık Parıltıları (Dördüncü Parıltı),Mistik Teoloji,jami lavaih
filokalya-manastir-hayatinin-gizli-hazinesi,Manastır Hayatının Gizli Hazinesi: İç Dua Üzerine,Mistik Teoloji,filokalya manastir
diadokhos-fotikeli-manevi-bilgi-ve-ayirt-edis,Manevi Bilgi ve Ayırt Ediş Üzerine,Mistik Teoloji,diadokhos fotikeli
ruusbroec-manevi-nikah-ebedi-gunes-erdemlerin-suslenisi,Manevi Nikah: Ebedi Güneş ve Erdemlerin Süslenişi,Mistik Teoloji,ruusbroec manevi
kyrillos-mistagojik-vaazlar-serafim-ilahisi,Mistagojik Vaazlar: Serafim İlahisi ve Ruhun Çağrılışı,Mistik Teoloji,kyrillos mistagojik
areopagit-dionysius-mistik-ilahiyat-ilahi-karanlik,Mistik İlahiyat: İlahi Karanlık,Mistik Teoloji,areopagit dionysius
dionysius-mistik-teoloji-musanin-karanliga-cikisi,Musa&#x27;nın İlahi Karanlığa Çıkışı,Mistik Teoloji,dionysius mistik
swedenborg-heaven-and-hell-correspondence,Mütekabiliyet: Semanın Yeryüzündeki Aksi,Mistik Teoloji,swedenborg heaven
mesnevi-neyname-ayriligin-feryadi,Ney&#x27;in Feryadı: Ayrılığın Sırrı,Mistik Teoloji,mesnevi neyname
rumi-mesnevi-neyin-figani,Neyi Dinle: Ayrılığın Feryadı,Mistik Teoloji,rumi mesnevi
mesnevi-neyin-feryadi-mistik-ilahiyat,Neyin Feryadı: Mesnevi&#x27;nin Açılış Sözü,Mistik Teoloji,mesnevi neyin
gazali-nurlar-feneri-hakiki-nur-allahtir,Nurlar Feneri: Hakiki Nur Allah&#x27;tır,Mistik Teoloji,gazali nurlar
minucius-felix-octavius-tek-tanri-inayet,Octavius: Her Şeyin Babası Olan Tek Tanrı,Mistik Teoloji,minucius felix
ruusbroec-parildayan-tas-ilahi-birlesme-uc-yol,Parıldayan Taş: Tanrı ile Birleşmenin Üç Yolu,Mistik Teoloji,ruusbroec parildayan
ruh-ve-dirilis-uzerine-macrina-diyalogu,Ruh ve Diriliş Üzerine,Mistik Teoloji,dirilis uzerine
tertullianus-ruh-uzerine-olumsuzluk-ve-hakikat,Ruh Üzerine: Filozofların Kapısını Çalmayız,Mistik Teoloji,tertullianus uzerine
ruusbroec-ruhani-dugun-sonsuz-sevgi-denizi,Ruhani Düğün: Ruhun Üzerinde Asılı Duran Sonsuz Sevgi Denizi,Mistik Teoloji,ruusbroec ruhani
molinos-ruhsal-rehber-quietism,Ruhsal Rehber: İçsel Sessizliğin Yolu,Mistik Teoloji,molinos ruhsal
madame-guyon-ruhsal-seller,Ruhsal Seller,Mistik Teoloji,madame guyon
rumi-masnavi-dort-mertebe-mistik-teoloji,"Ruhun Dört Mertebesi: Şeriat, Tarikat, Marifet ve Hakikat",Mistik Teoloji,rumi masnavi
hacli-yahya-ruhun-karanlik-gecesi,Ruhun Karanlık Gecesi,Mistik Teoloji,hacli yahya
mechthild-magdeburg-tanrisalligin-akan-isigi,Ruhun Saraya Yolculuğu,Mistik Teoloji,mechthild magdeburg
makarios-vaazlar-kalp-tanri-tahti,Ruhun Tanrı&#x27;nın Tahtı Oluşu,Mistik Teoloji,makarios vaazlar
folignolu-angela-ruhun-tanri-goruntusu-mistik-teoloji,Ruhun Tanrı&#x27;yı Seyri: İlahi Teselli Kitabı&#x27;ndan,Mistik Teoloji,folignolu angela
hildegard-scivias-erdemlerin-oyunu-ruhun-yakarisi,Ruhun Yakarışı: Erdemler ve Tanrı Bilgisi Karşısında,Mistik Teoloji,hildegard scivias
tauler-ruhun-zemini-eternal-birth-ground-of-the-soul,Ruhun Zemini: Ebedî Doğuşun Sessiz Merkezi,Mistik Teoloji,tauler ruhun
gazali-saadet-kimyasi-nefs-bilgisi,Saadet Kimyası: Nefsini Bilen Rabbini Bilir,Mistik Teoloji,gazali saadet
hildegard-scivias-yasayan-isik-yollari-bil,Scivias: Yolları Bil ve Yaşayan Işığın Görüleri,Mistik Teoloji,hildegard scivias
gichtel-theosophia-practica-ilk-mektup-durup-savasmak,Sebat ve Savaş: Ruhun İçindeki Gömülü İnci,Mistik Teoloji,gichtel theosophia
itirafci-maksimos-sevgi-uzerine-bolumler-birinci-yuz,Sevgi Üzerine Yüz Bölüm: İlk Yüzlük,Mistik Teoloji,itirafci maksimos
iskenderiyeli-klemens-stromateis-hakiki-marifet,Stromateis: Hakiki Marifet,Mistik Teoloji,iskenderiyeli klemens
soz-un-bedenlenmesi-uzerine-tanrilasma-athanasios,Söz&#x27;ün Bedenlenmesi Üzerine: Ölümsüzlük Giysisi,Mistik Teoloji,bedenlenmesi uzerine
bayezid-bistami-subhani-shathiyat-kitab-al-luma,Sübhânî: Bâyezîd-i Bistâmî&#x27;nin Şathiyyâtı ve Onları Savunması,Mistik Teoloji,bayezid bistami
ninovali-ishak-sukunet-uzerine-mektup,Sükûnet Üzerine: Mar Anoş&#x27;a Mektup,Mistik Teoloji,ninovali ishak
nizami-sirlar-hazinesi-tevhid-ve-marifet-niyazi,Sırlar Hazinesi: Tevhit ve Marifet Niyazı,Mistik Teoloji,nizami sirlar
tanri-eri-mistik-teoloji-sems-i-tebrizi-divani,Tanrı Eri: Şarapsız Sarhoş Olan,Mistik Teoloji,tanri mistik
narsai-tanri-kelamesinin-inisi-ve-tek-ogul,Tanrı Kelâmının İnişi ve Tek Oğul,Mistik Teoloji,narsai tanri
ibn-arabi-tanri-ve-insan-mistik-teoloji,Tanrı ve İnsan: Kudret Sahibine Giden Yolun Kalbi,Mistik Teoloji,arabi tanri
samli-yuhanna-tanri-idrak-edilemez-ortodoks-iman,Tanrı İdrak Edilemezdir: Ortodoks İmanın Kesin Açıklaması,Mistik Teoloji,samli yuhanna
sebastian-franck-paradoxa-tanriyi-tanriyla-bilmek,Tanrı&#x27;yı Ancak Tanrı&#x27;yla Bilmek,Mistik Teoloji,sebastian franck
de-visione-dei-tanrinin-gorusu-cusa,Tanrının Görüşü (De Visione Dei),Mistik Teoloji,visione tanrinin
bernard-clairvaux-speculum-honestate-vitae-tanri-tefekkuru,Tanrının Tefekkürü Üzerine,Mistik Teoloji,bernard clairvaux
mechthild-magdeburg-akan-isik-tanrisal-dil,Tanrısallığın Akan Işığı: Tanrısal Dilin Sözü,Mistik Teoloji,mechthild magdeburg
kashf-al-mahjub-tasavvufun-hakiki-manasi-mistik-teoloji,Tasavvufun Hakiki Manası: Kalbin Saflığı Üzerine,Mistik Teoloji,kashf mahjub
al-hallaj-tavasin-birlik-ana-al-haqq,Tavasin: Birliğin Birliği ve Benliğin Yok Oluşu,Mistik Teoloji,hallaj tavasin
avilali-teresa-tefekkur-ilahi-birlesme,Tefekkür ve İlahi Birleşme,Mistik Teoloji,avilali teresa
dionysios-areopagit-ilahi-isimler-tefekkur-merdiveni,Tefekkürün Merdiveni: İlahi İsimler ve Bilinmeyene Yükseliş,Mistik Teoloji,dionysios areopagit
nizami-makhzan-al-asrar-tevhid-munacati,Tevhid ve Yakarış: Bir Sûfî Münâcâtı,Mistik Teoloji,nizami makhzan
merdivenli-yuhanna-tutkusuzluk-kalbin-huzuru,Tutkusuzluğun Sınavı: Mektupları Okumama Kararı,Mistik Teoloji,merdivenli yuhanna
meister-eckhart-uzletli-birlik-abgeschiedenheit,Uzletli Birlik: Tanrısallıkta Erimenin Yolu,Mistik Teoloji,meister eckhart
shabistari-gulsen-i-raz-varligin-aynasi,Varlığın Aynası: Gülşen-i Râz&#x27;dan Bir Pasaj,Mistik Teoloji,shabistari gulsen
porete-yalin-ruhlarin-aynasi-iradesiz-ruh,Yalın Ruhların Aynası: İradesiz Ruhun Huzuru,Mistik Teoloji,porete yalin
human-perdesi-ve-ilahi-esrar-hujwiri,Yaratılmışların Perdesi Ardındaki İlahi Esrar,Mistik Teoloji,human perdesi
attar-ilahi-nama-yedi-gogun-yaraticisi,Yedi Göğün Yaratıcısının Adıyla,Mistik Teoloji,attar ilahi
klemens-yunanlilara-ogut-soz-yeni-ezgi,Yeni Ezgi: Başlangıçtan Önce Var Olan Söz,Mistik Teoloji,klemens yunanlilara
hujwiri-kashf-al-mahjub-yoksulluk-ve-zenginlik,Yoksulluk ile Zenginlik Üzerine,Mistik Teoloji,hujwiri kashf
qushayri-risala-sufi-doctrine-decay-of-the-path,Yolun Bozuluşu ve Bir Risalenin Doğuşu: Sûfîlerin İtikadı Üzerine,Mistik Teoloji,qushayri risala
jami-yusuf-zeliha-ezeli-guzellik,Yusuf ve Zeliha: Ezelî Güzellik Üzerine,Mistik Teoloji,jami yusuf
jami-yusuf-zuleyha-ilahi-yakaris-mistik-teoloji,Yûsuf ve Züleyha: İlahî Yakarış,Mistik Teoloji,jami yusuf
llull-asik-ile-masuk-kitabi-baslangic,Âşık ile Mâşûk Kitabı: Başlangıç,Mistik Teoloji,llull asik
mabbuglu-filoksenos-ogrenciye-ogut-gorunen-gecici,"Öğrenciye Öğüt: Görünen Geçicidir, Görünmeyen Ebedidir",Mistik Teoloji,mabbuglu filoksenos
arafa-dair-risale-ilahi-askin-atesi-ruhun-aritilmasi,İlahi Aşkın Ateşi: Ruhun Sevgili&#x27;ye Doğru Arınışı,Mistik Teoloji,arafa dair
yeni-ilahiyatci-simeon-ilahi-isik-goruntusu-soylev,İlahi Işığın Görüntüsü Üzerine Söylev,Mistik Teoloji,yeni ilahiyatci
ilahi-karanlik-musanin-cikisi-gnophos,İlahi Karanlık: Musa&#x27;nın Bilinmezliğin Sisine Çıkışı,Mistik Teoloji,ilahi karanlik
saadi-bustan-ilahi-rizik-ve-hikmet,İlahi Rızık ve Gizli İnayet,Mistik Teoloji,saadi bustan
gertrude-helfta-herald-divine-love-mystical-theology,İlahi Sevginin Habercisi: Ruhun Övgüsü,Mistik Teoloji,gertrude helfta
sienali-catherine-ilahi-takdir-diyalogu,İlahi Takdir Diyaloğu,Mistik Teoloji,sienali catherine
dionysios-ilahi-isimler-tanrisal-birlesme,İlahi İsimler: Tanrısallıkla Birleşme Üzerine,Mistik Teoloji,dionysios ilahi
origenes-ilkeler-uzerine-ruhlarin-on-varligi,İlkeler Üzerine: Ruhların Ön-Varlığı ve İradenin Özgürlüğü,Mistik Teoloji,origenes ilkeler
gazali-dalaletten-kurtulus-ilahi-isik,İlâhî Işık: Kalbe İnen Kurtuluş,Mistik Teoloji,gazali dalaletten
attar-ilahi-nama-munacatvari-yakaris-ilk-son,İlâhî-Nâme: Münâcâtvârî Yakarış (Evvel ve Âhir Olan Sana),Mistik Teoloji,attar ilahi
eckhart-tanri-etkin-akil-yerine-gecince,İnsan Sükûnete Erdiğinde: Tanrı Etkin Aklın Yerine Geçince,Mistik Teoloji,eckhart tanri
ibn-arabi-insan-i-kamil-muhrun-nakisi,İnsan-ı Kâmil: Mührün Nakışı ve Âlemin Bekçisi,Mistik Teoloji,arabi insan
richard-rolle-iisa-adinin-atesi,İsa Adının Ateşi,Mistik Teoloji,richard rolle
isanin-taklidi-kempis-tevazu-ve-dunyanin-batiligi,İsa&#x27;nın Taklidi: Tevazu ve Dünyanın Batıllığı Üzerine,Mistik Teoloji,isanin taklidi
augustinus-itiraflar-ostia-goruntusu-tanriya-yukselis,İtiraflar: Ostia Görüntüsü,Mistik Teoloji,augustinus itiraflar
manevi-rehber-quietizm-icsel-sukunet-yolu,İçsel Sükûnetin Yolu: Sessizlikte İşiten Ruh,Mistik Teoloji,manevi rehber
ibn-al-farid-sarap-kasidesi-mistik-teoloji,Şarap Kasidesi: İbnü&#x27;l-Fârız ve Aşkın İlahi Sarhoşluğu,Mistik Teoloji,farid sarap
hafiz-divan-sirazli-guzel-gazeli,Şirazlı Güzel Gazeli,Mistik Teoloji,hafiz divan
virgil-aeneis-vi-yeralti-inisi,Aeneis VI: Yeraltına İniş,Mit ve Kutsal Anlatı,virgil aeneis
afrodite-homerik-ilahi-ida-daginda-arzu,Afrodit&#x27;e Homerik İlahi: İda Dağında Arzu,Mit ve Kutsal Anlatı,afrodite homerik
hesiodos-isler-ve-gunler-altin-soy,Altın Soy: İnsanlığın İlk Çağı,Mit ve Kutsal Anlatı,hesiodos isler
apollona-homerik-ilahi-delos-dogum,Apollon&#x27;a Homerik İlahi: Delos&#x27;ta Doğum ve Pytho&#x27;nun Kuruluşu,Mit ve Kutsal Anlatı,apollona homerik
apollonios-argonautika-altin-post-yolculugu,Argonautika: Altın Post Uğruna Yolculuğun Başlangıcı,Mit ve Kutsal Anlatı,apollonios argonautika
cooke-atalar-druid-dini-acik-hava-tapinaklari,Atalar Dini: Açık Hava Tapınakları ve Kutsal Korular,Mit ve Kutsal Anlatı,cooke atalar
atona-buyuk-ilahi-akhenaton-gunes-diski,Aton&#x27;a Büyük İlahi,Mit ve Kutsal Anlatı,atona buyuk
strabon-cografya-kutsal-yerler-kehanet-ammon,Coğrafya: Kutsal Yerler ve Kehanetin Sönüşü,Mit ve Kutsal Anlatı,strabon cografya
heliodoros-aethiopica-delphoi-kutsal-sehir,Delphoi&#x27;ye Varış: Apollon&#x27;a Adanmış Şehir,Mit ve Kutsal Anlatı,heliodoros aethiopica
homeros-demeter-ilahisi-persephone-kaciriliyor,Demeter&#x27;e İlahi: Kızın Kaçırılışı,Mit ve Kutsal Anlatı,homeros demeter
nonnos-dionysiaka-zagreus-parcalanma-ve-yeniden-dogus,Dionysiaka: Zagreus&#x27;un Parçalanışı ve Yeniden Doğuşu,Mit ve Kutsal Anlatı,nonnos dionysiaka
fulgentius-dokuz-ilham-perisi-bilginin-basamaklari,Dokuz İlham Perisi: Bilginin Basamakları,Mit ve Kutsal Anlatı,fulgentius dokuz
hyginus-fabulae-nessos-ve-kentauroslar,Efsaneler: Kentauroslar ve Nessos,Mit ve Kutsal Anlatı,hyginus fabulae
gilgamis-enkidunun-insanlasmasi,Enkidu&#x27;nun İnsanlaşması,Mit ve Kutsal Anlatı,gilgamis enkidunun
enuma-elis-goklerin-adsizligi,Enuma Eliş: Göklerin Henüz Adsız Olduğu Zaman,Mit ve Kutsal Anlatı,enuma elis
nonnus-dionysiaca-europa-boga-uzerinde-agit,Europa&#x27;nın Boğa Üzerindeki Ağıdı,Mit ve Kutsal Anlatı,nonnus dionysiaca
ovid-fasti-ianus-khaos-esigin-tanrisi,Fasti: Ianus&#x27;un Zuhuru ve Eşiğin Tanrısı,Mit ve Kutsal Anlatı,ovid fasti
orpheus-hymn-to-night-taylor-1787,Geceye İlahi,Mit ve Kutsal Anlatı,orpheus hymn
gilgamis-destani-tufan-ve-olumsuzluk,Gilgamış Destanı: Tufan ve Ölümsüzlük,Mit ve Kutsal Anlatı,gilgamis destani
cartari-antik-tanrilarin-suretleri-onikili-meclis,Göksel Meclisin On İki Tanrısı,Mit ve Kutsal Anlatı,cartari antik
musaios-hero-ile-leandros-kandili,Hero ile Leandros: Gizli Sevdaların Kandili,Mit ve Kutsal Anlatı,musaios hero
havamal-yuce-olanin-sozleri-sigir-olur-akraba-olur,Hávamál: Yüce Olan&#x27;ın Sözleri,Mit ve Kutsal Anlatı,havamal yuce
bryant-kadim-mitolojinin-yeni-sistemi,Kadim Mitolojinin Yeni Sistemi,Mit ve Kutsal Anlatı,bryant kadim
kalevala-vainamoinen-dunya-yumurtasi,Kalevala: Väinämöinen ve Dünya Yumurtası,Mit ve Kutsal Anlatı,kalevala vainamoinen
ovid-metamorphoses-kaosun-cozulusu,Kaosun Çözülüşü: Dünyanın Doğuşu,Mit ve Kutsal Anlatı,ovid metamorphoses
eleusis-kucuk-esrar-ruhun-olumu-taylor,Küçük Esrarlar ve Ruhun Ölümü,Mit ve Kutsal Anlatı,eleusis kucuk
mabinogion-pwyll-arawn-annwn-karsilasmasi,Mabinogion: Pwyll ile Annwn Kralı Arawn&#x27;ın Karşılaşması,Mit ve Kutsal Anlatı,mabinogion pwyll
diodoros-misir-tanrilari-osiris-isis-gunes-ve-ay,Mısır Tanrıları: Osiris ve İsis,Mit ve Kutsal Anlatı,diodoros misir
herodotos-misir-dini-tanrilar,Mısır&#x27;ın Tanrıları ve Tapınma Adetleri,Mit ve Kutsal Anlatı,herodotos misir
diodoros-misir-tanrilari-osiris-isis,Mısır&#x27;ın İlk Tanrıları: Güneş ile Ay,Mit ve Kutsal Anlatı,diodoros misir
snorri-nesir-edda-yggdrasil-dunya-agaci,Nesir Edda: Dünya Ağacı Yggdrasil ve Mímir&#x27;in Kuyusu,Mit ve Kutsal Anlatı,snorri nesir
berossos-babyloniaka-oannes-balik-bilge-tufan-oncesi,Oannes: Sulardan Yükselen Balık Bilge,Mit ve Kutsal Anlatı,berossos babyloniaka
saxo-odin-altin-suret-ve-sahte-tanrilik,Odin&#x27;in Altın Sureti ve Sahte Tanrılığı,Mit ve Kutsal Anlatı,saxo odin
odysseia-xi-olulerin-cagrilmasi-nekyia,Odysseia XI: Ölülerin Çağrılması,Mit ve Kutsal Anlatı,odysseia olulerin
berossos-babyloniaka-omoroka-belos-yaratilis,Omoroka&#x27;nın İkiye Bölünüşü: Belos ve Dünyanın Yaratılışı,Mit ve Kutsal Anlatı,berossos babyloniaka
orfik-argonautika-erginlenme-gizemleri,Orfik Argonautika: Erginlenmenin Şarkısı,Mit ve Kutsal Anlatı,orfik argonautika
orfik-ilahiler-protogonos-phanes-ilk-dogan-isik,"Orfik İlahiler: Protogonos, İlk Doğan ve Yumurtadan Çıkan Işık",Mit ve Kutsal Anlatı,orfik ilahiler
plutarkhos-isis-ve-osiris-osirisin-sandiga-kapatilmasi,Osiris&#x27;in Sandığa Kapatılması,Mit ve Kutsal Anlatı,plutarkhos isis
firmicus-maternus-osiris-gizemleri-ve-yillik-agit,Pagan Dinlerin Yanılgısı Üzerine,Mit ve Kutsal Anlatı,firmicus maternus
apollodorus-peleus-thetis-evliligi,Peleus ile Thetis&#x27;in Evliliği,Mit ve Kutsal Anlatı,apollodorus peleus
kallimakhos-ilahiler-peneios-leto,Peneios ile Leto: Bir Irmağın Cesareti,Mit ve Kutsal Anlatı,kallimakhos ilahiler
piramit-metinleri-kralin-goge-yukselisi,Piramit Metinleri: Kralın Göğe Yükselişi,Mit ve Kutsal Anlatı,piramit metinleri
claudianus-proserpina-nin-kacirilisi-onsoz-ilk-denizci,Proserpina&#x27;nın Kaçırılışı: İlk Denizcinin Cesareti ve Yeraltına İnen Şarkı,Mit ve Kutsal Anlatı,claudianus proserpina
prudentius-psychomachia-ruhun-savasi,Psychomachia: Ruhun Savaşı,Mit ve Kutsal Anlatı,prudentius psychomachia
barddas-ruhun-abred-yolculugu-morganwg,Ruhun Abred Çemberindeki Yolculuğu,Mit ve Kutsal Anlatı,barddas ruhun
sanchoniatho-fenike-kozmogonisi,Sanchoniatho: Fenike Kozmogonisi,Mit ve Kutsal Anlatı,sanchoniatho fenike
sanchuniathon-fenike-kozmogonisi-karanlik-kaos,Sanchuniathon: Fenike Kozmogonisi ve Karanlık Kaosun Doğuşu,Mit ve Kutsal Anlatı,sanchuniathon fenike
macrobius-saturnalia-butun-tanrilar-gunestir,Saturnalia: Bütün Tanrılar Güneştir,Mit ve Kutsal Anlatı,macrobius saturnalia
macrobius-saturnalia-gunes-teolojisi,Saturnalia: Güneş Teolojisi,Mit ve Kutsal Anlatı,macrobius saturnalia
sibylla-kehanetleri-uluslarin-yargisi,Sibylla Kehanetleri: Uluslara Sesleniş ve Yüce Tanrı&#x27;nın Yargısı,Mit ve Kutsal Anlatı,sibylla kehanetleri
orfeus-ilahileri-tabiata-ilahi-tutsu-taylor,Tabiat&#x27;a İlahi: Orfeus İlahilerinden Kokulu Tütsü Duası,Mit ve Kutsal Anlatı,orfeus ilahileri
stukeley-stonehenge-tanrilarin-sanli-mabedi,Tanrıların Şanlı Mabedi: Stonehenge&#x27;e Yaklaşırken,Mit ve Kutsal Anlatı,stukeley stonehenge
statius-thebais-yedilerin-thebai-yuruyusu,Thebais: Savaş Çağırıyor Beni,Mit ve Kutsal Anlatı,statius thebais
hesiodos-theogonia-khaos-yaradilis,Theogonia: Khaos ve İlk Tanrıların Doğuşu,Mit ve Kutsal Anlatı,hesiodos theogonia
hesiodos-theogonia-tanrilarin-dogusu-khaos-ve-ilksel-tanrilar,Theogonia: Khaos&#x27;tan Doğan Tanrılar ve İlksel Yaradılış,Mit ve Kutsal Anlatı,hesiodos theogonia
voluspa-kahinenin-kehaneti,Völuspá: Kâhinenin Kehaneti,Mit ve Kutsal Anlatı,voluspa kahinenin
aelian-hayvanlarin-dogasi-uzerine-yaratiklarin-mucizevi-tabiati,Yaratıkların Mucizevi Tabiatı Üzerine,Mit ve Kutsal Anlatı,aelian hayvanlarin
nesir-edda-gylfaginning-yggdrasil-dunya-disbudagi,Yggdrasil: Dünya Dişbudağı ve Üç Kökü,Mit ve Kutsal Anlatı,nesir edda
pausanias-yunanistan-tasviri-eleusis-gizemleri,Yunanistan&#x27;ın Tasviri: Eleusis Gizemleri ve Demeter Tapınağı,Mit ve Kutsal Anlatı,pausanias yunanistan
kleanthes-zeusa-ilahi-evrensel-akil,Zeus&#x27;a İlahi: Evrensel Aklın Yasası,Mit ve Kutsal Anlatı,kleanthes zeusa
olulerin-kitabi-maati-salonu-yargilanma,Ölülerin Kitabı: Maāti Salonuna Giriş ve İnkâr İtirafı,Mit ve Kutsal Anlatı,olulerin kitabi
pindaros-ikinci-olympia-kutlular-adasi-ruhun-olumsuzlugu,İkinci Olympia Kasidesi: Ruhun Ölümsüzlüğü ve Kutlular Adası,Mit ve Kutsal Anlatı,pindaros ikinci
inananin-yuceltilmesi-enheduanna-rahibenin-agidi,İnanna&#x27;nın Yüceltilmesi: Rahibenin Kutsal İlahisi ve Ağıdı,Mit ve Kutsal Anlatı,inananin yuceltilmesi
apuleius-golden-ass-isis-epiphany-book-eleven,İsis&#x27;in Zuhuru: Bin Adlı Tanrıça Lucius&#x27;a Sesleniyor,Mit ve Kutsal Anlatı,apuleius golden
hesiodos-isler-ve-gunler-altin-soy-ve-adalet,İşler ve Günler: Altın Soy ve Adaletin Kutsal Yasası,Mit ve Kutsal Anlatı,hesiodos isler
istar-in-yeralti-inisi-donusun-mitosu,İştar&#x27;ın Yeraltına İnişi: Dönmeyenler Ülkesinden Çağrı,Mit ve Kutsal Anlatı,istar yeralti
kahramanca-cosinlar-akil-ruhu-yukselten-ilahi-ask,Aklın Ruhu Yücelttiği Yer: Kahramanca Coşkunun İlahi Yükselişi,Neoplatonizm,kahramanca cosinlar
hierocles-altin-diziler-serhi,Altın Dizeler Neden Altındır,Neoplatonizm,hierocles altin
simplikios-kategoriler-serhi-neoplatonik-aristoteles-okumasi,Aristoteles Felsefesinin Gayesi ve Neoplatonik Okunuşu,Neoplatonizm,simplikios kategoriler
empedokles-aritmalar-surgun-daimon,Arınmalar: Sürgün Ruh,Neoplatonizm,empedokles aritmalar
leone-ebreo-ask-diyaloglari-birlestirici-bilgi,Aşk Diyalogları: Birleştirici Bilgi ve Aşkın Gerçek Ereği,Neoplatonizm,leone ebreo
julian-galileleere-karsi-ulusal-tanrilar,"Baba, Ortak Kral: Julian ve Ulusların Tanrıları",Neoplatonizm,julian galileleere
syrianus-metafizik-serhi-bir-ve-dyad,Bir ile Sınırsız Dyad: Aynılık ve Başkalığın Kaynağı,Neoplatonizm,syrianus metafizik
proklos-teolojinin-ogeleri-bir-ve-sudur,Bir&#x27;den Taşan Her Şey: Proklos ve Sudûrun Metafiziği,Neoplatonizm,proklos teolojinin
proklos-birinci-alkibiades-serhi-kendini-bil,Birinci Alkibiades Şerhi: Kendini Bil,Neoplatonizm,proklos birinci
apameali-numenios-birinci-tanri-parcalari-neoplatonizm,Birinci Tanrı ile Yaratıcı Üzerine: İyi Üstüne Risaleden Parçalar,Neoplatonizm,apameali numenios
proklos-parmenides-serhi-acilis-duasi,Bütün Tanrılara ve Tanrıçalara Dua,Neoplatonizm,proklos parmenides
psellos-cinlerin-ruha-sessiz-fisiltisi,Cinlerin Ruha Sessiz Fısıltısı,Neoplatonizm,psellos cinlerin
psellos-cinlerin-isleyisi-uzerine-neoplatonik-daimon-ogretisi,Cinlerin İşleyişi Üzerine: Meleksel ve Cinnî Bedenlerin Doğası,Neoplatonizm,psellos cinlerin
damascius-photius-paradoksal-anlatilar,Damaskios ve Paradoksal Anlatılar Üzerine,Neoplatonizm,damascius photius
plutarch-delphi-e-uzerine-sen-varsin,Delphi&#x27;deki E Üzerine: &quot;Sen Varsın&quot;,Neoplatonizm,plutarch delphi
proclus-timaios-serhi-demiurgos-cemberi,Demiurgos Çemberi: İlerleyiş ve Dönüş,Neoplatonizm,proclus timaios
proklos-fizigin-ogeleri-devinim-ilk-devindiren,Devinimsiz ile Kendi Kendini Devindiren İlke Üzerine,Neoplatonizm,proklos fizigin
proclus-devlet-serhi-er-efsanesi-hades-ruhlarin-yolculugu,Devlet Şerhi: Er Efsanesi,Neoplatonizm,proclus devlet
plotinos-doga-temasa-ve-bir-olan,"Doğa, Temaşa ve Bir Olan Üzerine",Neoplatonizm,plotinos doga
eriugena-doganin-bolunmesi-dort-tur,Doğanın Bölünmesi: Dört Tür Üzerine,Neoplatonizm,eriugena doganin
simplikios-fizik-serhi-dogadan-ilahi-oze,Doğanın İncelenmesinden İlâhî Öze: Simplikios&#x27;un Fizik Şerhi,Neoplatonizm,simplikios fizik
ammonios-yorum-uzerine-serh-dogruluk-ve-yanlislik,Doğruluk ile Yanlışlık Yalnızca Bileşiklerde Bulunur,Neoplatonizm,ammonios yorum
philoponos-dunyanin-ebedigi-uzerine-proclus-sonlu-guc,Dünyanın Ebediliği Üzerine: Sonlu Cismin Sonsuz Gücü Yoktur,Neoplatonizm,philoponos dunyanin
philoponos-proklosa-karsi-dunyanin-ebediligi-zamansiz-yaratma,Dünyanın Ebediliğine Karşı: Tanrı Her Şeyi Zamansız Yaratır,Neoplatonizm,philoponos proklosa
philon-dunyanin-yaratilisi-uzerine,Dünyanın Yaratılışı Üzerine,Neoplatonizm,philon dunyanin
plotinos-enneadlar-ebediyet-ve-zaman,Ebediyet ve Zaman Üzerine,Neoplatonizm,plotinos enneadlar
plotinus-enneadlar,Enneadlar,Neoplatonizm,plotinus enneadlar
plotinos-enneadlar-ruha-dair-guclukler-bellek,Enneadlar IV.3: Ruha Dair Güçlükler ve Belleğin Yeri,Neoplatonizm,plotinos enneadlar
plotinos-enneadlar-uc-hipostaz-bir-akil-ruh,"Enneadlar: Üç Ana Hipostaz (Bir, Akıl, Ruh)",Neoplatonizm,plotinos enneadlar
farabi-erdemli-sehir-beden-benzetmesi,Erdemli Şehir ile Sağlıklı Bedenin Benzeşmesi,Neoplatonizm,farabi erdemli
ibn-rushd-tutarsizligin-tutarsizligi-ezeli-ilke,Ezelî İlkenin Fiili: Tutarsızlığın Tutarsızlığı&#x27;ndan,Neoplatonizm,rushd tutarsizligin
ibn-rusd-faslul-makal-felsefe-ile-din,Faslü&#x27;l-Makāl: Felsefe ile Din Arasındaki Bağ,Neoplatonizm,rusd faslul
boethius-felsefenin-tesellisi-neoplatonik-kozmik-yakaris,Felsefenin Tesellisi: Bir Zamanlar Söylediğim Ezgiler,Neoplatonizm,boethius felsefenin
iamblikhos-felsefeye-cagri-ruhu-bilgiyle-donatmak,Felsefeye Çağrı: Ruhu Bilgiyle Donatmak,Neoplatonizm,iamblikhos felsefeye
iamblichus-felsefeye-cagri-ruhun-yukselisi,Felsefeye Çağrı: Ruhun İlahi Öze Yükselişi,Neoplatonizm,iamblichus felsefeye
gazali-filozoflarin-tutarsizligi-feyz,Filozofların Tutarsızlığı: Feyz ve İlk Sebep,Neoplatonizm,gazali filozoflarin
cusa-gercek-bilgelik,Gerçek Bilgelik Üzerine,Neoplatonizm,cusa gercek
plotinos-gnostiklere-karsi-evren-ruhu,Gnostiklere Karşı: Evrenin Ruhu Üzerine,Neoplatonizm,plotinos gnostiklere
pseudo-dionysius-goksel-hiyerarsi-kerubim-tahtlar,Göksel Hiyerarşi: Kerubim ve Tahtların Adları,Neoplatonizm,pseudo dionysius
proklos-gunese-ilahi-neoplatonik-helios,Güneş&#x27;e İlahi,Neoplatonizm,proklos gunese
plotinos-guzellik-uzerine-enneadlar-i-6,Güzellik Üzerine,Neoplatonizm,plotinos guzellik
hakiki-akli-sistem-plastik-tabiat,Hakiki Aklî Sistem: Plastik Tabiat Üzerine,Neoplatonizm,hakiki akli
ibn-cebirol-hayat-pinari-tumel-madde-ve-suret,Hayat Pınarı: Tümel Madde ve Tümel Suret Bilimi,Neoplatonizm,cebirol hayat
ibn-gabirol-hayat-cesmesi-irade,Hayat Çeşmesi: İlâhî İradenin Suret ve Maddeye Dökülüşü,Neoplatonizm,gabirol hayat
ibn-sina-hayy-ibn-yakzan-ruhun-ilahi-tasmasi,Hayy bin Yakzan: Ruhun İlahi Taşması,Neoplatonizm,sina hayy
iamblichus-de-mysteriis-tanri-isigi,Her Tanrının Işığı: Iamblikhos ve İlahi Varlığın Bölünmezliği,Neoplatonizm,iamblichus mysteriis
suhreverdi-isik-tapinaklari-nurlarin-nuru,Işık Tapınakları: Nurların Nuru ve Ruhun Aynası,Neoplatonizm,suhreverdi isik
patrizi-yeni-evren-felsefesi-isigin-tasmasi,Işığın Taşması: Baba Derinliğinden Doğan Nur,Neoplatonizm,patrizi yeni
eriugena-periphyseon-ziddin-birligi-neoplatonizm,Karşıtların Birliği: Bilinmeyerek Bilinen Tanrı,Neoplatonizm,eriugena periphyseon
plotinos-enneadlar-v8-kavranilir-guzellik-tanrilar-akil,Kavranılır Güzellik: Tanrılar ve Akıl,Neoplatonizm,plotinos enneadlar
porphyrios-kavranilirlara-giris-cisimsiz-tozler,Kavranılırların İdrakine Yardımcılar,Neoplatonizm,porphyrios kavranilirlara
plotinos-enneadlar-guzellik-uzerine-kendi-heykelini-yont,Kendi Heykelini Yontmak: Güzelliğe Doğru İçe Çekiliş,Neoplatonizm,plotinos enneadlar
philon-keruvlar-uzerine-ruhun-tanriya-yakinligi,Keruvlar ve Alevli Kılıç: Ruhun Tanrı&#x27;ya Yakınlaşması,Neoplatonizm,philon keruvlar
julian-hymn-to-king-helios-three-suns,Kral Helios&#x27;a İlahi,Neoplatonizm,julian hymn
proklos-kratylos-serhi-tanrilarin-adlari,Kratylos Şerhi: Tanrıların Adları,Neoplatonizm,proklos kratylos
herakleitos-logos-ve-ebedi-ates,Logos ve Ateş: Herakleitos&#x27;un Parçaları,Neoplatonizm,herakleitos logos
porphyrios-marcella-tanrilara-yukselis,Marcella&#x27;ya Mektup: Tanrılara Yükseliş,Neoplatonizm,porphyrios marcella
syrianus-metafizik-serhi-formlar-ve-sayilar,Metafizik Şerhi: Formlar ve Sayılar,Neoplatonizm,syrianus metafizik
bovelles-geometrie-practique-insan-mikrokozmos,Mikrokozmos Olarak İnsan: Bilgenin Ölçüsü,Neoplatonizm,bovelles geometrie
iamblichus-misterler,Mısırlıların Gizemleri Üzerine,Neoplatonizm,iamblichus misterler
porphyrios-nymphelerin-magarasi-uzerine,Nymphelerin Mağarası Üzerine,Neoplatonizm,porphyrios nymphelerin
suhreverdi-israk-hikmeti-ruhun-nuru,Nûrun Mertebeleri: Ruhun İlâhî Emirden Taşması,Neoplatonizm,suhreverdi israk
olympiodoros-phaidon-serhi-ruhun-aritilmasi,"Olympiodoros, Phaidon Şerhi: Ruhun Arındırılması",Neoplatonizm,olympiodoros phaidon
iamblichus-pythagoras-ortak-yasam-koinobion,Ortak Yaşam: Pythagorasçıların Mülkiyet Birliği,Neoplatonizm,iamblichus pythagoras
proklos-parmenides-serhi-bir-ve-henadlar,Parmenides Şerhi: Bir ve Tanrısal Birlikler,Neoplatonizm,proklos parmenides
llull-ars-magna-parcalardan-butune,Parçalardan Bütüne: Aklın Düzenli Yükselişi,Neoplatonizm,llull magna
hermeias-phaidros-serhi-ilahi-cilginlik,Phaidros Şerhi: İlahi Çılgınlık,Neoplatonizm,hermeias phaidros
pisagorun-altin-dizeleri-hierokles-serhi-ruhun-aritilmasi,Pisagor&#x27;un Altın Dizeleri Üzerine Hierokles Şerhi: Ruhun Arıtılması,Neoplatonizm,pisagorun altin
iamblikhos-pisagorun-hayati-ruh-gocu,Pisagor&#x27;un Hayatı: Ruhun Önceki Yaşamları,Neoplatonizm,iamblikhos pisagorun
maximos-tyrius-tanri-nedir-platon,Platon&#x27;a Göre Tanrı Nedir,Neoplatonizm,maximos tyrius
porphyry-pythagoras-yasami,"Porphyrios, Pythagoras&#x27;ın Yaşamı: Ruhun Ölümsüzlüğü ve Kardeşliğin Doğuşu",Neoplatonizm,porphyry pythagoras
proklos-un-hayati-erdem-basamaklari-ve-platon-ardilligi,Proklos&#x27;un Hayatı: Erdem Basamakları ve Platon&#x27;un Ardıllığı,Neoplatonizm,proklos hayati
proklos-platoncu-teoloji-henadlar-ve-tanrilarin-sudur-edisi,"Proklos, Platoncu Teoloji: Henadlar ve Tanrıların Bir&#x27;den Suduru",Neoplatonizm,proklos platoncu
ibn-sina-ruh-uzerine-compendium-de-anima,Ruh Üzerine: Aklın İlahî Olanla Birleşmesi,Neoplatonizm,sina uzerine
plotinos-ruhun-bedene-inisi-enneadlar-iv-8,Ruhun Bedene İnişi Üzerine,Neoplatonizm,plotinos ruhun
miskeveyh-nefsin-cisim-olmayisi,Ruhun Cisim Olmayışı Üzerine,Neoplatonizm,miskeveyh nefsin
iamblikhos-misirlilarin-sirlari-ruhun-tanrilarla-birligi,Ruhun Tanrılarla Birliği: Mısırlıların Sırları Üzerine,Neoplatonizm,iamblikhos misirlilarin
porphyrios-hayvanlardan-sakinma-ruhun-yurduna-donusu,Ruhun Yurduna Dönüşü,Neoplatonizm,porphyrios hayvanlardan
ruhun-olumsuzlugu-ve-bedenler-arasi-yolculuk,Ruhun Ölümsüzlüğü ve Bedenler Arası Yolculuk,Neoplatonizm,ruhun olumsuzlugu
synesius-concerning-dreams-inner-oracle,Rüyalar Üzerine: İçimizdeki Kahin,Neoplatonizm,synesius concerning
simplikios-epiktetos-elkitabi-serhi-bir-ve-iyi,Simplikios&#x27;un Epiktetos El Kitabı Şerhi: Bir ve İyi Üzerine,Neoplatonizm,simplikios epiktetos
apuleius-sokratesin-tanrisi-araci-daimonlar,Sokrates&#x27;in Tanrısı Üzerine: Yer ile Gök Arasındaki Aracılar,Neoplatonizm,apuleius sokratesin
apuleius-sokratesin-daimonu-koruyucu-cin,Sokrates&#x27;in Tanrısı: Herkese Ayrılmış Koruyucu Daimon,Neoplatonizm,apuleius sokratesin
parmenides-tabiat-uzerine-hakikat-yolu,Tabiat Üzerine: Hakikat Yolu,Neoplatonizm,parmenides tabiat
synesios-takdir-uzerine-misir-masali,Takdir Üzerine: Bir Mısır Masalı,Neoplatonizm,synesios takdir
plotinos-enneadlar-takdir-uzerine-birinci-kitap,Takdir Üzerine: Kâinat Rastlantının Değil Aklın Eseridir,Neoplatonizm,plotinos enneadlar
seneca-takdir-uzerine-iyilere-neden-kotuluk-gelir,Takdir Üzerine: İyilere Neden Kötülük Gelir,Neoplatonizm,seneca takdir
hierokles-takdir-kader-ozgur-irade-uzerine,"Takdir, Kader ve Ruhun Özgür Seçimi Üzerine",Neoplatonizm,hierokles takdir
boethius-felsefenin-tesellisi-talih-carki,Talihin Çarkı: Boethius ve Felsefenin Tesellisi,Neoplatonizm,boethius felsefenin
sallustius-tanrilar-ve-dunya-uzerine-fabllarin-hikmeti,Tanrılar ve Dünya Üzerine: Fabllar Neden Kullanılır,Neoplatonizm,sallustius tanrilar
julianus-tanrilarin-anasina-ilahi,Tanrıların Anasına Söylev,Neoplatonizm,julianus tanrilarin
conway-tanrinin-iyilik-pinari-ve-sudurun-tasmasi,Tanrının İyilik Pınarı ve Sudurun Taşması,Neoplatonizm,conway tanrinin
proklos-timaios-serhi-evren-ruhu-neoplatonizm,Proklos'un Timaios Şerhi: Evren Ruhu,Neoplatonizm,proklos timaios
calcidius-timaios-serhi-evren-ruhu,Kalkidios'un Timaios Şerhi: Evren Ruhu,Neoplatonizm,calcidius timaios
kyreneli-synesios-ilahi-uc,Uyan Ey Ruhum: Kyreneli Synesios&#x27;un Üçüncü İlahisi,Neoplatonizm,kyreneli synesios
avicenna-ucan-adam-ve-ruh,Uçan Adam ve Ruh,Neoplatonizm,avicenna ucan
ibn-bacce-yalnizin-yonetimi-tedbir-el-mutevahhid,Yalnızın Yönetimi: Bilgeliğin Hazineleri Açılmadan,Neoplatonizm,bacce yalnizin
ammonios-yorum-uzerine-serh-akil-ruhu,Yorum Üzerine Şerh: Akıl Ruhu ve Sözün Aletleri,Neoplatonizm,ammonios yorum
nasir-husrev-yuce-akil-arayisi-neoplatonizm,Yüce Aklın İzinde: Nâsır Hüsrev&#x27;in Bilgelik Arayışı,Neoplatonizm,nasir husrev
bonaventura-zihnin-tanriya-yolculugu-yukselis-merdiveni-neoplatonizm,Zihnin Tanrı&#x27;ya Yolculuğu: Yükseliş Merdiveni,Neoplatonizm,bonaventura zihnin
ibn-tufeyl-hayy-bin-yakzan-zorunlu-varliga-taniklik,Zorunlu Varlığa Kesintisiz Tanıklık,Neoplatonizm,tufeyl hayy
eunapius-iamblikhos-gadara-pinarlari,İamblikhos ve Gadara&#x27;nın Pınarları,Neoplatonizm,eunapius iamblikhos
hermias-phaidros-serhi-ilahi-cilginlik,İlahi Çılgınlık ve Kanatlı Ruh Üzerine,Neoplatonizm,hermias phaidros
ilahi-isimler-iyi-ve-guzel-areopagit-dionysius,İlahi İsimler: İyi ve Güzel Üzerine,Neoplatonizm,ilahi isimler
al-kindi-akil-uzerine-ilk-akil,İlk Akıl ve Aklın Dört Türü,Neoplatonizm,kindi akil
damascius-ilk-ilkeler-uzerine-guclukler-ve-cozumler,İlk İlkeler Üzerine Güçlükler ve Çözümler,Neoplatonizm,damascius ilkeler
damaskios-ilk-ilkeler-uzerine-soylenemez-bir,İlk İlkeler Üzerine: Söylenemez Olan,Neoplatonizm,damaskios ilkeler
nemesios-insan-kucuk-evren,"Nemesios'un İnsan, Küçük Evren Öğretisi",Neoplatonizm,nemesios insan
plotinos-enneadlar-alti-dokuz-iyi-ya-da-bir,İyi yahut Bir Üzerine,Neoplatonizm,plotinos enneadlar
michael-maier-themis-aurea-altinci-kanun-gizlilik,Altın Themis: Kardeşliğin Altıncı Kanunu ve Yüz Yıllık Sükût,Gizli Cemiyetler,michael maier
christian-rosenkreutzun-simyasal-dugunu-habercinin-gelisi,Christian Rosenkreutz&#x27;un Simyasal Düğünü: Habercinin Gelişi,Gizli Cemiyetler,christian rosenkreutzun
andreae-christianopolis-laboratuvar,Christianopolis Cumhuriyeti&#x27;nin Tasviri: Laboratuvar Üzerine,Gizli Cemiyetler,andreae christianopolis
villars-comte-de-gabalis-dort-unsur-ruhlari,Comte de Gabalis: Unsurların Ruhları ve Âdem&#x27;in Yitirilmiş Egemenliği,Gizli Cemiyetler,villars comte
confessio-fraternitatis,Confessio Fraternitatis: Övgüye Değer Gül Haç Kardeşliği&#x27;nin İtirafı,Gizli Cemiyetler,confessio fraternitatis
fama-fraternitatis,"Fama Fraternitatis, Kardeşliğin İlanı",Gizli Cemiyetler,fama fraternitatis
rainsford-gul-hac-kardesligi-iktibaslari-themis-aurea,Gül Haç Kardeşliğine Dair İktibaslar: Themis Aurea&#x27;nın Altın Yasaları,Gizli Cemiyetler,rainsford kardesligi
john-heydon-gul-hac-kardesligine-katilis,Gül-Haç Kardeşliğine Katılış,Gizli Cemiyetler,john heydon
waite-masonlukta-gizli-gelenek-sir,Masonlukta Gizli Gelenek,Gizli Cemiyetler,waite masonlukta
philadelphia-hermetik-sanata-kardes-sevgisi,Philadelphia: Hermetik Sanatın Taliplerine Kardeş Sevgisi,Gizli Cemiyetler,philadelphia hermetik
max-heindel-rozikrusyen-kozmo-anlayisi-bilgelik-ozlemi,Rozikrusyen Kozmo-Anlayışı: Bilgeliğe Duyulan Yakıcı Özlem,Gizli Cemiyetler,heindel rozikrusyen
waite-rozikrusyenlerin-gercek-tarihi-kardesligin-kendi-tanikligi,Rozikrusyenlerin Gerçek Tarihi: Kardeşliğin Kendi Tanıklığı,Gizli Cemiyetler,waite rozikrusyenlerin
gizli-ogreti-rozikrusyen-sonsuz-uzay-magus-incognito,Rozikrusyenlerin Gizli Öğretisi: Sonsuz Uzayın Simgesi,Gizli Cemiyetler,gizli ogreti
sperber-echo-god-enlightened-fraternity,Tanrı&#x27;nın Aydınlattığı Kardeşliğin Yankısı,Gizli Cemiyetler,sperber echo
bacon-yeni-atlantis-suleyman-evi,Yeni Atlantis: Süleyman Evi&#x27;nin Gerçek Hâli,Gizli Cemiyetler,bacon yeni
cigliklardan-sonra-sessizlik-maier,Çığlıklardan Sonra Sessizlik,Gizli Cemiyetler,cigliklardan sonra
albertus-magnus-de-mineralibus-taslarin-gucu,"Albertus Magnus, Mineraller Kitabı: Taşların Gizli Gücü Üzerine",Simya,albertus magnus
michael-maier-tripus-aureus-altin-ayakli-kazan,Altın Ayaklı Kazan,Simya,michael maier
helvetius-altin-buzagi-donusum-tanikligi,Altın Buzağı: Bir Dönüşümün Tanıklığı,Simya,helvetius altin
helvetius-altin-buzagi-kursunun-donusumu,Altın Buzağı: Kurşunun Altına Dönüşümü,Simya,helvetius altin
michael-maier-altin-masanin-simgeleri-on-iki-milletin-simyasi,Altın Masanın Simgeleri,Simya,michael maier
altin-masanin-simgeleri-on-iki-milletin,Altın Masanın Simgeleri: On İki Milletin Altın Masası,Simya,altin masanin
altin-risale-tractatus-aureus-filozof-tasi,Altın Risale: Filozof Taşı Üzerine,Simya,altin risale
von-suchten-antimonun-sirlari-tanrinin-armagani,Antimonun Sırları: Zor Bir Sanat ve Tanrı&#x27;nın Armağanı,Simya,suchten antimonun
artephius-gizli-kitap-antimon-saturn,Artephius&#x27;un Gizli Kitabı: Antimon ile Satürn&#x27;ün Payı,Simya,artephius gizli
vigenere-ates-ve-tuz-uzerine,Ateş ve Tuz Üzerine,Simya,vigenere ates
aurora-consurgens-yukselen-safak-simya,Aurora Consurgens: Yükselen Şafak,Simya,aurora consurgens
grasshoff-aperta-arca-ikili-kimya,Açılmış Sandık: Her Şeyin İçindeki Gizli Ruh,Simya,grasshoff aperta
ripley-bagir-kitabi-izdusum,Bağır Kitabı: İksirin İzdüşümü,Simya,ripley bagir
john-of-rupescissa-consideration-of-the-quintessence,Beşinci Özün Düşünülmesi Üzerine,Simya,john rupescissa
bilgelerin-su-tasi-sophic-hydrolith,Bilgelerin Su Taşı: Sophic Hydrolith,Simya,bilgelerin tasi
vaughan-magia-adamica-bilme-arzusu,Bilme Arzusu: İnsana Ekilmiş İlk Tohum,Simya,vaughan magia
bloomfield-blossoms-camp-of-philosophy,Bloomfield&#x27;in Çiçekleri: Felsefe Ordugâhı,Simya,bloomfield blossoms
bernard-of-trevisan-thomas-of-bologna-mektubu,Bologna&#x27;lı Thomas&#x27;a Cevap: İlk Madde Üzerine,Simya,bernard trevisan
stephanus-buyuk-ve-kutsal-sanat,Büyük ve Kutsal Sanat Üzerine: Yukarıdan İnen Armağan,Simya,stephanus buyuk
ashmole-buyulu-ve-melek-tasi,"Bitkisel, Büyülü ve Melek Taşları Üzerine",Simya,ashmole buyulu
ruland-lexicon-anima-can-ruh-beden,Can: Ruh ile Beden Arasındaki Üçüncü İlke,Simya,ruland lexicon
ripley-cantilena-yasli-kralin-yeniden-dogusu,Cantilena: Yaşlı Kralın Yeniden Doğuşu,Simya,ripley cantilena
cremer-vasiyeti-westminster-basrahibi,Cremer&#x27;in Vasiyeti: Westminster Başrahibinin İtirafı,Simya,cremer vasiyeti
angelus-sala-diana-kristalleri-ay-mushili,Diana&#x27;nın Kristalleri: Angelus Sala&#x27;nın Ay Müshili,Simya,angelus sala
charnock-doga-felsefesinin-ozeti-yazarin-onsozu,Doğa Felsefesinin Özeti: Yazarın Önsözü,Simya,charnock doga
geber-summa-perfectionis-kukurt-civa-dengesi,Doğanın Eylemlerini Kurduğu İlkeler Üzerine,Simya,geber summa
thomas-vaughan-anima-magica-abscondita-anima-mundi,Doğanın Gizli Ruhu: Âlemin Canı Üzerine,Simya,thomas vaughan
dogamin-tuzu-uzerine-nuysement,Doğanın Tuzu Üzerine,Simya,dogamin tuzu
despagnet-enchiridion-dunya-uc-bolge,"Dünya, Zanaatkârın Küreye Döndürdüğü Eser",Simya,despagnet enchiridion
roger-bacon-radix-mundi-dunyanin-koku,Dünyanın Kökü,Simya,roger bacon
gloria-mundi-cennet-levhasi,Dünyanın İhtişamı: Cennet Levhası,Simya,gloria mundi
khunrath-amphitheatrum-sapientiae-oratory-laboratory-simya,Ebedi Hikmet Amfitiyatrosu: Oratoryum ve Laboratuvar,Simya,khunrath amphitheatrum
eudoxus-alti-anahtar-birinci-anahtar,Eudoxus&#x27;un Altı Anahtarı: Birinci Anahtar,Simya,eudoxus alti
flamel-felsefenin-ozeti,Felsefenin Özeti,Simya,flamel felsefenin
michael-maier-felsefi-hafta-simya-bilmeceleri,"Felsefi Hafta: Süleyman, Saba Melikesi ve Simyanın Bilmeceleri",Simya,michael maier
geber-summa-perfectionis-tek-tas,Feylesof Taşı Tektir: Geber ve Kemalin Mükemmeli,Simya,geber summa
rosarium-philosophorum-tek-sey,Feylesofların Taşı: Zenginin de Yoksulun da Elindeki Tek Şey,Simya,rosarium philosophorum
turba-philosophorum-filozoflar-meclisi,Filozoflar Meclisi: Kadim Bilgeliğin Toplanışı,Simya,turba philosophorum
dastin-gul-bahcesi-simya,Filozofların En Gizli Gül Bahçesi,Simya,dastin bahcesi
rosarium-philosophorum,Filozofların Gül Bahçesi,Simya,rosarium philosophorum
filozoflarin-gul-bahcesi-birlesme-kutsal-dugun,Filozofların Gül Bahçesi: Birleşme ve Kutsal Düğün,Simya,filozoflarin bahcesi
edward-kelly-filozoflarin-tasi-hakikat-ugruna,Filozofların Taşı: Hakikat Uğruna Yazılmış Bir İthaf,Simya,edward kelly
democritus-physica-et-mystica,Fiziksel ve Mistik Şeyler,Simya,democritus physica
splendor-solis,Güneşin Görkemi,Simya,splendor solis
michael-maier-gurultunun-ardindan-sukut,Gürültünün Ardından Sükût: Bir Savunma ve Cevap,Simya,michael maier
jean-despagnet-hermetik-arcanum-filozofun-hazirligi,Hermetik Arcanum: Filozofun Ruhsal Hazırlığı,Simya,jean despagnet
silberer-hermetik-sanat-ve-simya,Hermetik Sanat ile Simyanın Kardeşliği,Simya,silberer hermetik
figulus-paradisus-aureolus-hermeticus-alchemy-theory,Hermetik Sanatın Kuramı: Tek Taş ve Büyük Eser,Simya,figulus paradisus
hermetik-zafer-tek-seyden-dogan-eser-simya,Hermetik Zafer: Tek Bir Şeyden Doğan Eser,Simya,hermetik zafer
flamel-hiyeroglif-figurler,Hiyeroglif Figürler Kitabı,Simya,flamel hiyeroglif
homerin-altin-zinciri-dogamn-kokeni,Homer&#x27;in Altın Zinciri: Doğanın Kökeni Üzerine,Simya,homerin altin
homerin-altin-zinciri-doga-ve-kaos-kirchweger-simya,Homeros&#x27;un Altın Zinciri: Doğa Nedir ve Her Şey Kimden Doğar,Simya,homerin altin
aula-lucis-isik-sarayi-vaughan,Işık Sarayı,Simya,aula lucis
thomas-vaughan-lumen-de-lumine-isiktan-isik,Işıktan Işık,Simya,thomas vaughan
janitor-pansophus-her-seyi-bilen-kapici,Janitor Pansophus: Her Şeyi Bilen Kapıcı,Simya,janitor pansophus
khunrath-kaos-uzerine-itiraf-yazarin-kehaneti,Kaos Üzerine İtiraf: Yazarın Kehaneti,Simya,khunrath kaos
maier-atalanta-fugiens,Kaçan Atalanta,Simya,maier atalanta
jean-beguin-kimyanin-tanimi,Kimyanın Tanımı Üzerine,Simya,jean beguin
kralin-kapali-sarayina-acik-giris,Kralın Kapalı Sarayına Açık Giriş,Simya,kralin kapali
philalethes-acik-giris,Kralın Sarayına Açık Giriş,Simya,philalethes acik
olympiodoros-kutsal-sanat-uzerine-ilahi-su,Kutsal Sanat Üzerine: İlahi Suyun Gizlenişi,Simya,olympiodoros kutsal
salomon-trismosin-kizil-aslan-aureum-vellus,Kızıl Aslan: Doğanın Gizli Hazinesi,Simya,salomon trismosin
lambspring-kitabi-geyik-ile-tekboynuz,Lambspring Kitabı: Geyik ile Tekboynuz,Simya,lambspring kitabi
thomas-vaughan-lumen-de-lumine-isiktan-isik-simya,Lumen de Lumine: Işıktan Işık,Simya,thomas vaughan
hollandus-opera-mineralia-saturn-oil-of-metals,Madenlerin Yağı Üzerine: Satürn&#x27;ün Ameli,Simya,hollandus opera
nazari-madensel-donusum-uzerine,Madensel Dönüşüm Üzerine,Simya,nazari madensel
razi-sirlarin-sirri-simya-manzumesi,Manzum Simya Kitabı: Râzî&#x27;ye Atfedilen Sırlar,Simya,razi sirlarin
sendivogius-merkur-simyaci-ve-doga-diyalogu,"Merkür, Simyacı ve Doğa Diyalogu",Simya,sendivogius merkur
becher-physica-subterranea-madenler-topraktir,Metaller Topraktan İbarettir: Becher&#x27;in Üçlü Toprak Öğretisi,Simya,becher physica
denis-zachaire-metaller-uzerine-risale,Metaller Üzerine Risale,Simya,denis zachaire
petrus-bonus-metallerin-ilk-maddesi,Metallerin İlk Maddesi Üzerine,Simya,petrus bonus
zosimos-omega-harfi-uzerine,Omega Harfi Üzerine,Simya,zosimos omega
basil-valentine-on-iki-anahtar,On İki Anahtar,Simya,basil valentine
basilius-valentinus-on-iki-anahtar-birinci-anahtar-simya,On İki Anahtar: Birinci Anahtar,Simya,basilius valentinus
basil-valentine-on-iki-anahtar-birinci-anahtar-boz-kurt,On İki Anahtar: Birinci Anahtar ve Boz Kurdun Sırrı,Simya,basil valentine
george-ripley-twelve-gates-invocation,On İki Kapı: Simyacının Yakarışı ve Tek Kütlenin Sırrı,Simya,george ripley
starkey-pyrotechny-altin-post-pesindekiler,Piroteknik: Altın Post Peşindeki Sahte Simyacılar,Simya,starkey pyrotechny
ripley-revivd,Ripley Yeniden Canlanıyor,Simya,ripley revivd
vaughan-anthroposophia-theomagica-ruhun-yolculugu-simya,"Ruhun Yolculuğu: Ölüm, Ruhun Doğuşudur",Simya,vaughan anthroposophia
ashmole-saadete-giden-yol,Saadete Giden Yol,Simya,ashmole saadete
hollandus-opera-mineralia-saturnun-eseri,Satürn&#x27;ün Eseri: Mineral Eserleri&#x27;nin İlk Kitabı,Simya,hollandus opera
bohme-signatura-rerum-imza-ogretisi-simya,Signatura Rerum: Her Şeyin İmzası,Simya,bohme signatura
libavius-alchemia-simya-nedir,Simya Nedir: Libavius&#x27;un Tanımı,Simya,libavius alchemia
waite-simyacilarin-gercek-amaci-insanin-kemale-ermesi,Simyacıların Gerçek Amacı: İnsanın Kemale Ermesi,Simya,waite simyacilarin
roger-bacon-simyanin-aynasi-tasin-mukemmelligi,Simyanın Aynası: Taşın Kusursuzluğu Üzerine,Simya,roger bacon
norton-simyanin-duzeni,Simyanın Düzeni,Simya,norton simyanin
halid-ibn-yezid-sirlar-kitabi-simyanin-sirri,Simyanın Sırları Kitabı: Sırların Sırrı,Simya,halid yezid
thomas-norton-ordinall-sade-uslup,Simyanın Sırrını Örten Peçe: Thomas Norton&#x27;un Yalın Söz Vaadi,Simya,thomas norton
morienus-composition-of-alchemy,Simyanın Terkibi Üzerine: Morienus&#x27;un Kral Calid&#x27;e Söylevi,Simya,morienus composition
viridarium-chymicum,Simyevi Yeşil Bahçe,Simya,viridarium chymicum
basil-valentine-son-vasiyet,Son Vasiyet,Simya,basil valentine
gerhard-dorn-simya-anahtari-spekulatif-felsefe,Spekülatif Meseleler: İnsanın Birliği ve Maddenin Ruha Dönüşü,Simya,gerhard dorn
splendor-solis-gunesin-ihtisami-mistik-altin-simya,Splendor Solis: Güneşin İhtişamı,Simya,splendor solis
ramon-llull-testamentum-sozcuklerin-kabugu,"Sözcüklerin Kabuğu Değil, Doğanın Güçleri",Simya,ramon llull
theatrum-chemicum-tabiata-hizmet,Tabiata Hizmet Eden Sanat,Simya,theatrum chemicum
basil-valentine-tabii-ve-tabiatustu-seyler,Tabii ve Tabiatüstü Şeyler Üzerine,Simya,basil valentine
turba-philosophorum-filozoflar-meclisi-dort-unsur-simya,Turba Philosophorum: Filozoflar Meclisi,Simya,turba philosophorum
yahudi-meryem-tribikos-sanati,Yahudi Meryem&#x27;in Sanatı: Tribikos ve Damıtmanın Doğuşu,Simya,yahudi meryem
glauber-yeni-felsefi-firinlar-damitma-onsoz,Yeni Felsefi Fırınlar: Damıtma Sanatının Önsözü,Simya,glauber yeni
sendivogius-yeni-kimya-isigi,Yeni Kimya Işığı,Simya,sendivogius yeni
mylius-philosophia-reformata-yenilenmis-felsefe,Yenilenmiş Felsefe: Işıkların Babası&#x27;ndan İnen Amel,Simya,mylius philosophia
yeryuzunun-gogu-vaughan-coelum-terrae,Yeryüzünün Göğü,Simya,yeryuzunun gogu
michael-maier-viatorium-yedi-gezegen-daglari,Yolcunun Rehberi: Yedi Gezegenin Dağları,Simya,michael maier
aurora-consurgens,Yükselen Şafak,Simya,aurora consurgens
trevisolu-bernard-cesme-kral-ve-banyo-simya,"Çeşme, Kral ve Banyo",Simya,trevisolu bernard
croll-basilica-chymica-imzalar-ogretisi,İmzalar Öğretisi: Doğanın Dilsiz Konuşması,Simya,croll basilica
anaksimandros-fragmanlari-ilk-ilke,Anaksimandros: Sonsuzluk ve İlk İlke,Neoplatonizm,anaksimandros fragmanlari
ksenophanes-tanri-anlayisi-fragmanlari,Ksenophanes: Tek Tanrı ve İnsan Biçimli Tanrıların Eleştirisi,Neoplatonizm,ksenophanes tanri
zenon-hareket-paradokslari,"Zenon: Aşil, Kaplumbağa ve Hareketin İmkânsızlığı",Neoplatonizm,zenon hareket
anaksimenes-hava-ilk-ilke,Anaksimenes: Hava ve İlk İlke,Neoplatonizm,anaksimenes hava
herakleitos-fairbanks-fragmanlari,"Herakleitos: Çekişme, Uyum ve Değişimin Bilgeliği",Neoplatonizm,herakleitos fairbanks
melissos-varlik-sonsuzlugu,Melissos: Varlığın Sonsuzluğu ve Değişmezliği,Neoplatonizm,melissos varlik
pisagor-ruh-gocu-sayi-mistisizmi,Pisagor: Sayı Mistisizmi ve Ruh Göçü,Neoplatonizm,pisagor gocu
thales-su-ilk-ilke,Thales: Suyun İlk İlke Oluşu,Neoplatonizm,thales ilke
anaksagoras-nous-akil-ilkesi,Anaksagoras: Nous ve Akıl İlkesi,Neoplatonizm,anaksagoras nous
empedokles-dort-kok-sevgi-cekisme,"Empedokles: Dört Kök, Sevgi ve Çekişme",Neoplatonizm,empedokles dort
vitruvius-mimarin-egitimi-yedi-sanat,Vitruvius: Mimarın Eğitimi ve Yedi Sanat,Kutsal Geometri ve Mimari,vitruvius mimarin
vitruvius-insan-bedeni-simetri-daire-kare,"Vitruvius: İnsan Bedeni, Simetri, Daire ve Kare",Kutsal Geometri ve Mimari,vitruvius insan
apollodoros-gok-toprak-tanrilarin-dogusu,Apollodoros: Tanrıların Doğuşu ve Gigantomakhia,Mit ve Kutsal Anlatı,apollodoros toprak
plinius-dogal-tarih-evren-ve-ogeler-uzerine,Plinius: Evren ve Öğeler Üzerine,Kozmoloji,plinius dogal
timaios-dort-oge-ve-bes-duzgun-kati,Timaios: Dört Öğe ve Beş Düzgün Katı,Kutsal Geometri ve Mimari,timaios dort
culpeper-tam-sifali-bitkiler-kitabindan-secmeler,Culpeper: Tam Şifalı Bitkiler Kitabı&#x27;ndan Seçmeler,Ezoterik Tıp,culpeper sifali
ani-papirusu-olumler-kitabi-revizyonlari,Ölüler Kitabı: Ani Papirüsü — Revizyonlar ve Kadimlik,Mısır,papirusu olumler
anton-tapinakcilarin-sirri-ve-adetleri,Tapınakçıların Sırrı ve Âdetleri Üzerine İnceleme,Gizli Cemiyetler,anton tapinakcilarin
court-de-gebelin-saturn-zamanin-tanrisi,"Satürn, Merkür ve Herkül: Zamanın Tanrısı ve Çağların Şifresi",Zaman,court gebelin
crata-repoa-misir-rahiplerinin-inisiyasyonu,Crata Repoa: Mısır Rahiplerinin İnisiyasyon Dereceleri,İnisiyasyon,crata repoa
drexel-ebediyet-uzerine,Ebediyet Üzerine: Zamanın Ötesindeki Düzen,Zaman,drexel ebediyet
macrobius-scipionun-ruyasi-serhi-buyuk-yil,Macrobius&#x27;un Scipio&#x27;nun Rüyası Şerhi: Kürelerin Uyumu ve Büyük Yıl,Zaman,macrobius scipionun
maglarin-ilmi-papus-inisiyatik-bilim,Magî İlmi: İnisiyatik Bir Bilim Olarak Okültizm,İnisiyasyon,maglarin ilmi
masonlukta-yuksek-dereceler-en-gizli-misterler,Masonluğun Yüksek Derecelerinin En Gizli Misterleri,İnisiyasyon,masonlukta yuksek
molayin-mezari-inisiyelerin-gizli-tarihi,Jacques de Molay&#x27;ın Mezarı: İnisiyelerin Gizli Tarihi,Gizli Cemiyetler,molayin mezari
nicolai-tapinakcilara-yoneltilen-suclamalar,Tapınakçılara Yöneltilen Suçlamalar: Baphomet&#x27;in Sırrı,Gizli Cemiyetler,nicolai tapinakcilara
philoponus-dunyanin-ebediligine-karsi,Proclus&#x27;a Karşı: Dünyanın Bir Başlangıcı Var mıydı?,Zaman,philoponus dunyanin
regiomontanus-kalendarium-zamanin-hesabi,Regiomontanus Kalendarium&#x27;u: Basılı İlk Takvim ve Zamanın Hesabı,Zaman,regiomontanus kalendarium
tapinakci-rituel-el-yazmasi-kabul-toreni,"Tapınakçı Ritüeli: Çırağın, Şövalyenin ve Yeminli Üyenin Kabulü",Gizli Cemiyetler,tapinakci rituel
tapinakcilarin-yargilanmasi-papalik-tutanaklari,Tapınakçıların Yargılanması: Papalık Arşivinden Dava Tutanakları,Gizli Cemiyetler,tapinakcilarin yargilanmasi
visconti-sforza-tarosu-en-eski-tarot,Visconti-Sforza Tarosu: Hayatta Kalan En Eski Tarot,Tarot,visconti sforza
wichmanshausen-tapinakci-duzeninin-sonu,Tapınakçı Düzeninin Sonu Üzerine,Gizli Cemiyetler,wichmanshausen tapinakci
budge-misir-buyusu-tchatcha-em-ankh,Mısır Büyüsü: Tchatcha-em-ankh ve Gölün Yarılışı,Mısır,budge misir
plutarkhos-isis-ve-osiris-uzerine-hikmet-arayisi,İsis ve Osiris Üzerine: Hikmet Arayışı ve Rahiplerin Perhizi,Mısır,plutarkhos isis
waite-pictorial-key-to-the-tarot-onsoz,Resimli Tarot Anahtarı: Sahte Tarih ve Gizli Gelenek,Tarot,waite pictorial
albert-pike-morals-and-dogma-cirak-derecesi-guc-ve-akil,"Ahlak ve Dogma: Çırak Derecesi, Kör Güç ve Akıl",Gizli Cemiyetler,albert pike
papus-tarot-of-the-bohemians-giris-cingeneler,Çingenelerin Tarotu: Bilgeliğin Halka Emanet Edilişi,Tarot,papus tarot
censorinus-buyuk-yil-caglarin-olcusu,Büyük Yıl Üzerine: Çağların Yedi Farklı Ölçüsü,Zaman,censorinus buyuk
budge-misirin-tanrilari-dindarlik-ve-tanri-krallar,Mısır&#x27;ın Tanrıları: Herodotos&#x27;un Tanıklığı ve Tanrı-Kralların Kökeni,Mısır,budge misirin
hildegard-von-bingen-dort-unsurun-gucleri-ates-hava-su,"Dört Unsurun Güçleri: Ateş, Hava ve Suyun Bedendeki İşleyişi",Ezoterik Tıp,hildegard bingen
wilmshurst-masonlugun-anlami-inisiyasyonun-tanimi,Masonluğun Anlamı: İnisiyasyonun Gerçek Tanımı,İnisiyasyon,wilmshurst masonlugun
brontologion-damidos-gok-gurultusu-falnamesi,Kâhin Damis&#x27;in Gök Gürültüsü Falnamesi: On İki Ayın Kehaneti,Astroloji,brontologion damidos
firmicus-maternus-on-iki-evin-adlari-ve-anlamlari,On İki Evin Adları ve Anlamları,Astroloji,firmicus maternus
pisagor-kuresi-isim-sayi-kehanet-yontemi,"Pisagor&#x27;un Küresi: İsimden Sayıya, Sayıdan Kehanete",Astroloji,pisagor kuresi
