slug,baslik,koleksiyon,k
manetho-apotelesmatika-bes-gezici-yildiz,Apotelesmatika: Beş Gezici Yıldız ve Göğün Ekseni,Astroloji,123
al-qabisi-astroloji-sanatina-giris-burclar-gezegenler,Astroloji Sanatına Giriş: Burçlar Çemberinin Yarımları ve Çeyrekleri,Astroloji,195
kepler-yildizlarin-aspecti-astrolojinin-saglam-cekirdegi,Astrolojiden Geriye Kalan Tek Sağlam Çekirdek: Yıldızların Açıları,Astroloji,124
bellantius-astrolojinin-savunmasi-pico-cevap,Astrolojinin Hakikati Üzerine,Astroloji,12819
sahl-ibn-bishr-astrolojiye-giris,Astrolojiye Giriş: On İki Burcun Doğası,Astroloji,5169
pico-astrolojiye-karsi-disputationes,Astrolojiye Karşı,Astroloji,7880
manilius-astronomica,Astronomica,Astroloji,135
manilius-astronomica-kozmik-sempati-kader-burclar,Astronomica: Kozmik Sempati,Astroloji,130
ebu-masar-astronomiye-giris-asagi-alemin-yonetimi,Astronomiye Giriş: Aşağı Alemin Yönetimi,Astroloji,166
cardano-tetrabiblos-serhi-gezegenler-ve-ruhun-nitelikleri,Batlamyus&#x27;a Şerh: Gezegenler ve Ruhun Nitelikleri,Astroloji,136
giuntini-burclarin-beden-uzerindeki-tesiri,Burçların Beden Üzerindeki Tesiri: Giuntini&#x27;nin Aynasından,Astroloji,131
ibn-ezra-sebepler-kitabi-burclarin-hikmeti,Burçların Hikmeti ve Yıldızların Evi,Astroloji,117
paracelsus-buyuk-gokkube-ve-insan,Büyük Gökküre ve İnsan: Küçük Evrenin Yaratılışı,Astroloji,136
dorotheus-buyuk-gunes-ve-cevik-ay,Büyük Güneşi ve Çevik Ayı Gözle: Dorotheus&#x27;un İlk Kuralı,Astroloji,89
abu-mashar-buyuk-kavusumlar-satun-jupiter-mars,Büyük Kavuşumlar Üzerine,Astroloji,8309
omar-tiberiadis-dogumlar-uzerine-uc-kitap,"Doğumlar Üzerine, Omar&#x27;a Göre, Birinci Kitap",Astroloji,89
firmicus-maternus-mathesis-dort-unsurdan-yaratilan-ilahi-insan,Dört Unsurdan Yaratılan İlahi İnsan,Astroloji,131
firmicus-mathesis-dunyanin-dogum-haritasi-astroloji,Dünyanın Doğum Haritası ve İnsanın Küçük Evren Oluşu,Astroloji,192
ficino-goksel-yasam,"Ficino, Göksel Yaşam Üzerine",Astroloji,30634
morin-fransiz-astrolojisi,Fransız Astrolojisi,Astroloji,169
ptolemy-tetrabiblos-gezegenlerin-gucu,Gezegenlerin Gücü Üzerine,Astroloji,160
ficino-goklerden-hayat-tilsimlar,Göklerden Hayat Devşirmek: Tılsımlar ve Yıldızların Gücü,Astroloji,173
abu-mashar-introductorium-in-astronomiam,Göklerin Devinimi ve Mevsimlerin Bilgeliği: Ebû Ma&#x27;şer&#x27;in Astronomiye Giriş&#x27;i,Astroloji,187
ficino-de-vita-astroloji-melankoli,Hayat Üzerine Üç Kitap: Bilginin Melankolisi ve Göksel Neden,Astroloji,87
hikmetin-baslangici-ibn-ezra-burclar-kusagi,Hikmetin Başlangıcı: Burçlar Kuşağının Hikmeti,Astroloji,152
lilly-hristiyan-astrolojisi,Hristiyan Astrolojisi,Astroloji,104
messahala-kabul-uzerine,Kabul Üzerine,Astroloji,136
sextus-empiricus-muneccimlere-karsi,Müneccimlere Karşı,Astroloji,181
hermes-on-bes-sabit-yildiz,On Beş Sabit Yıldız Üzerine,Astroloji,167
artemidoros-ruya-yorumu-disler-hane,Rüyada Diş Görmek Üzerine,Astroloji,125
ptolemy-tetrabiblos,Tetrabiblos: Dört Kitap,Astroloji,240
ptolemaios-tetrabiblos-ruhun-nitelikleri-merkur-ay,Tetrabiblos: Ruhun Nitelikleri,Astroloji,145
ptolemaios-tetrabiblos-gok-evleri-ufuk,Ufkun Şekilleri ve Göğün Dört Köşesi,Astroloji,22760
vettius-valens-anthologiae-yazgi-yasasi,Vettius Valens: Yazgının Yasasına Boyun Eğmek,Astroloji,247
cattan-yer-fali-sanati-geomance,Yer Falı Sanatı: Geomansi Üzerine,Astroloji,143
regiomontanus-yonelimler-cetveli-onsoz,Yönelimler Cetveli: Bir Sanatın Güçlüğü Üzerine,Astroloji,9238
ptolemy-centiloquium-yuz-aforizma,Yüz Aforizma (Centiloquium): Bilgeliğin Göklere Yardımı,Astroloji,143
batlamyus-centiloquium-yuz-soz-meyve,Yüz Söz yahut Kitaplarının Meyvesi,Astroloji,186
masaallah-yil-donusleri-ve-dogumlar-uzerine,Yıl Dönüşleri ve Doğumlar Üzerine,Astroloji,158
ibn-ezra-yildiz-biliminin-aleti,Yıldız Biliminin Aleti: Çeyrek Dairenin Hikmeti,Astroloji,139
al-kindi-de-radiis-yildiz-isinlari,Yıldız Işınları Üzerine,Astroloji,277
leopold-avusturya-yildizlar-bilgisi-derlemesi,Yıldızlar Bilgisi Üzerine Derleme,Astroloji,144
firmicus-maternus-yildizlar-erdem-ve-irade,"Yıldızlar, Erdem ve İrade Üzerine",Astroloji,111
albubather-dogumlarin-hukmu-dindarlik,Yıldızlarda Din: Doğum Haritasından İnancı Okumak,Astroloji,144
guido-bonatti-liber-astronomiae-yildizlarin-etkisi,Yıldızların Aşağıdaki Bedenler Üzerindeki Damgası,Astroloji,247
rhetorius-yildizlarin-hukmu-ve-photios,Yıldızların Hükmü: Rhetorius&#x27;un Yıldız Falı Notları,Astroloji,21375
sibly-occult-sciences-astroloji-tibbi-nativite,Yıldızların Hükmünde Bir Hastalık: Sibly ve Tıbbi Astroloji,Astroloji,161
haly-abenragel-yildizlarin-hukumleri-gunes,Yıldızların Hükümleri: Göğün Kandili Olan Güneş Üzerine,Astroloji,17796
firmicus-maternus-mathesis-yildizlarin-kaderi,Yıldızların Kaderi: Firmicus Maternus ve Kaderin Egemenliği,Astroloji,112
yildizlarin-tabiati-astroloji-sanatina-giris,Yıldızların Tabiatı ve Astroloji Sanatının Tarifi,Astroloji,154
alcabitius-yildizlarin-yargilari-giris,Yıldızların Yargıları Sanatına Giriş,Astroloji,5513
mashaallah-yillarin-devirleri,Yılların Devirleri Üzerine,Astroloji,155
kepler-ucuncu-araya-giren-astroloji,Üçüncü Araya Giren: Kepler&#x27;in Astrolojide Aradığı Orta Yol,Astroloji,25795
arbatel-magic-of-the-ancients-isagoge-aphorisms,Arbatel: Kadimlerin Büyüsü Üzerine (Isagoge Aforizmaları),Büyü ve Okült,150
ars-notoria-melek-belligi-solomon-hafiza-duasi,Ars Notoria: Meleklerin Bahşettiği Hafıza,Büyü ve Okült,111
ars-notoria-suleymanin-nurlu-sanati,Ars Notoria: Süleyman&#x27;ın Nurlu Sanatı,Büyü ve Okült,6844
picatrix-gayetul-hakim-tilsim-ve-buyu-bilgisi,Bilgenin Ereği: Büyünün ve Tılsımın Hakikati,Büyü ve Okült,24039
agrippa-okult-felsefe-birlik-uzerine,Birlik Üzerine: Sayıların Kaynağı ve Yüce Bir,Büyü ve Okült,270
agrippa-okult-felsefe-dogal-buyu-dort-unsur,Bütün Varlıkların Anası: Toprak Unsuru Üzerine,Büyü ve Okült,93
peter-de-abano-heptameron-buyu-cemberi,Büyü Çemberi Üzerine: Heptameron&#x27;dan Bir Pasaj,Büyü ve Okült,142
agrippa-buyu-uzerine-genel-bir-soylev,Büyü Üzerine Genel Bir Söylev,Büyü ve Okült,164
paracelsus-astronomia-magna-buyu-vahiy,Büyük Astronomi: Büyünün Vahiy Oluşu Üzerine,Büyü ve Okült,108
remy-daemonolatreiae-cadilarin-gece-ucusu,Cadıların Kocalarını Uyutup Şabat Toplantılarına Uçuşu,Büyü ve Okült,161
bodin-cadilarin-iblis-cilginligi,Cadıların İblis Çılgınlığı,Büyü ve Okült,131
reginald-scot-cadiligin-kesfi-yoksula-eziyet,Cadılığın Keşfi,Büyü ve Okült,118
court-de-gebelin-tarot-misir-monde-primitif,Court de Gébelin ve Tarotun Mısır Kökeni,Büyü ve Okült,9727
della-porta-dogal-buyu,Doğal Büyü,Büyü ve Okült,167
dogal-buyu-sempati-antipati-della-porta,Doğal Büyü: Sempati ve Antipati Üzerine,Büyü ve Okült,159
agrippa-dogal-buyu-vanity-of-arts,Doğanın Hizmetkârı Olarak Büyü: Agrippa&#x27;nın Doğal Büyü Üzerine Sözleri,Büyü ve Okült,137
honorius-yemin-kitabi-dua-18-dunyanin-nuru,Dünyanın Nuru: Honorius&#x27;un Yemin Kitabı&#x27;ndan On Sekizinci Dua,Büyü ve Okült,138
del-rio-buyu-sorusturmalari-dusmanin-bin-hilesi,Düşmanın Bin Hilesi: Büyünün Kaynağındaki Aldanış,Büyü ve Okült,137
bruno-fikirlerin-golgeleri,Fikirlerin Gölgeleri Üzerine,Büyü ve Okült,261
agrippa-gizli-felsefe,Gizli Felsefe Üzerine,Büyü ve Okült,254
grimorium-verum-yapitin-uc-bolumu-ve-ruhlarin-cagrilmasi,Grimorium Verum: Yapıtın Üç Bölümü ve Ruhların Çağrılması,Büyü ve Okült,8247
robert-fludd-hafiza-tiyatrosu,Hafıza Tiyatrosu: Doğunun Beyaz ve Batının Kara Sahnesi,Büyü ve Okült,141
abramelin-hakiki-hikmet-arayisi,Hakiki Hikmet Arayışı,Büyü ve Okült,13981
hartlieb-butun-yasak-sanatlar-ucus-merhemi,Havada Uçuş Nasıl Olur,Büyü ve Okült,103
yunan-buyu-papirusleri-havadan-ruh-yardimci,Havadan Bir Ruh: Yardımcının Kutsal Kabulü,Büyü ve Okült,129
steiner-kanin-okult-anlami,Kanın Okült Anlamı,Büyü ve Okült,7464
proklos-kutsal-ayin-sanati-teurji-sempati,Kutsal Ayin Sanatı ve İlahi Tabiata Ortaklık,Büyü ve Okült,116
crowley-magick-irade-tanimi,Magick: İradeye Uygun Değişim Sanatı,Büyü ve Okült,20587
fourth-book-occult-philosophy-magus-ilahi-yorumcu,"Magus, İlahi Şeylerin Yorumcusu",Büyü ve Okült,135
crowley-meditasyon-egitimi-irade-dharana,Meditasyonun Disiplini: İradenin İsyanı ve Dharana,Büyü ve Okült,9301
melek-raziel-kitabi-ademin-duasi-buyu-okult,Melek Raziel&#x27;in Kitabı: İlk İnsan Âdem&#x27;in Duası,Büyü ve Okült,137
musanin-altinci-kitabi-yuce-esrar,Musa&#x27;nın Altıncı Kitabı: Yüce Esrarın Anahtarı,Büyü ve Okült,128
waite-okult-bilimler-buyucu-dogmaz-yapilir,"Okült Bilimler: Büyücü Doğmaz, Yapılır",Büyü ve Okült,25073
agrippa-okult-felsefe-uc-toren-buyusu,Okült Felsefe III: Törensel Büyünün Yeniden İhyası,Büyü ve Okült,12278
enchiridion-papa-leo-tilsimli-dualar,Papa Leo&#x27;nun El Kitabı: Altın Harflerle Taşınan Dualar,Büyü ve Okült,107
picatrix,"Picatrix, Bilgenin Ereği",Büyü ve Okült,158
cardano-somniorum-synesiorum-ruyalarin-dogasi,Rüyaların Doğası Üzerine,Büyü ve Okült,151
artemidoros-ruyalarin-yorumu-kehanet-ruyasi,Rüyaların Yorumu,Büyü ve Okült,107
weyer-pseudomonarchia-daemonum-sahte-iblis-kralligi,"Sahte İblis Krallığı: Marbas, Amon ve Barbatos",Büyü ve Okült,183
simya-biliminin-dogusu-lewis-spence,Simya Biliminin Doğuşu ve Avrupa&#x27;ya Yayılışı,Büyü ve Okült,45524
trithemius-steganographia-melekler-ve-gizli-yazi,Steganographia: Havadaki Ruhlar ve Gizli Yazının Sırrı,Büyü ve Okült,6263
paracelsus-dort-unsurun-yari-insanlari,Suların ve Toprağın Yarı İnsanları: Paracelsus&#x27;un Unsur Ruhları,Büyü ve Okült,150
suleymanin-anahtari-cemberin-hazirligi,Süleyman&#x27;ın Anahtarı: Çemberin Hazırlanışı,Büyü ve Okült,117
suleymanin-kucuk-anahtari-goetia-ilk-uc-ruh,Süleyman&#x27;ın Küçük Anahtarı (Goetia): İlk Üç Ruh,Büyü ve Okült,189
dee-melek-konusmalari-casaubon-adalet-vahiy,Taşta Beliren Ses: Adaletin Vahyi,Büyü ve Okült,220
trithemius-polygraphia-gizli-yazi-sanati,Trithemius&#x27;un Polygraphia&#x27;sı: Gizli Yazının Kadim Sırrı,Büyü ve Okült,118
yedi-yonetici-goksel-cemberler-hermes,Yedi Yönetici ve Göksel Çemberler,Büyü ve Okült,136
trithemius-yedi-ikincil-zeka-gezegen-melekleri,Yedi İkincil Zekâ: Çağları Yöneten Gezegen Melekleri,Büyü ve Okült,1736
cecco-dascoli-kure-serhi-yildiz-tilsimlari,Yıldız Tılsımları ve Cinlerin Sesi: Cecco d&#x27;Ascoli&#x27;nin Küre Şerhi,Büyü ve Okült,108
della-porta-yildizlar-ve-mizac-goksel-fizyonomi,Yıldızların Vaadi ile Mizacın Gerçeği,Büyü ve Okült,227
sinistrari-demoniality-pavia-hieronyma-incubus,İblislik Üzerine: Pavia&#x27;lı Kadının Hikâyesi,Büyü ve Okült,209
guazzo-compendium-maleficarum-seytanin-duyulari-aldatmasi,Şeytan Duyuları Nasıl Aldatır,Büyü ve Okült,166
weyer-seytanlarin-hileleri,Şeytanların Hileleri Üzerine,Büyü ve Okült,292
antimonun-zafer-arabasi-ezoterik-tip,Antimonun Zafer Arabası,Ezoterik Tıp,91
ficino-de-vita-dokuz-rehber-bilginlerin-sagligi,Bilginlerin Sağlığı: Öğrenenlerin Dokuz Rehberi,Ezoterik Tıp,233
robert-fludd-medicina-catholica-evrensel-tip,Evrensel Tıp yahut Şifa Sanatının Mistik Mabedi,Ezoterik Tıp,149
fernel-formlarin-mertebeleri,Formların Mertebeleri,Ezoterik Tıp,132
ficino-goksel-yasam-ve-tilsimlar,Göksel Yaşam ve Tılsımlar: Ficino&#x27;nun Yıldız Tıbbı,Ezoterik Tıp,175
paracelsus-paramirum-hastaligin-bes-nedeni,Hastalığın Beş Kaynağı: Paracelsus ve Ens Öğretisi,Ezoterik Tıp,167
severinus-idea-medicinae-philosophicae-hekim-ve-dogadaki-butun-duzen,Hekim ve Doğadaki Bütün Düzen,Ezoterik Tıp,183
van-helmont-humoral-tibba-karsi,Hummanın Bilinmezliği ve Dört Hılt Öğretisinin Çöküşü,Ezoterik Tıp,133
fludd-medicina-catholica-isik-saglik,"Işık, Doğruların Sağlığıdır: İlahi Hikmet ve Şifanın Kaynağı",Ezoterik Tıp,130
paracelsus-archidoxa,"Paracelsus, Archidoxa",Ezoterik Tıp,180
paracelsus-paragranum-tibbin-dort-diregi,Paragranum: Tıbbın Dört Direği,Ezoterik Tıp,142
culpeper-bitkiler-ve-gezegenler-goklerin-otlar-uzerindeki-etkisi,Yıldızların Otlar Üzerindeki Yüce Etkisi,Ezoterik Tıp,121
basilides-var-olmayan-tanri-ve-evrensel-tohum,Basilides ve Var Olmayan Tanrı: Evrensel Tohum Öğretisi,Gnostisizm,147
floraya-mektup-ptolemaios-yasanin-uc-kaynagi-hermetizm,Flora&#x27;ya Mektup: Ptolemaios ve Yasanın Üç Kaynağı,Gnostisizm,149
hakikat-incili-valentinuscu-sophia-yanilgisi-hermetizm,Hakikat İncili Geleneği: Sophia&#x27;nın Yanılgısı ve Baba&#x27;nın Merhameti,Gnostisizm,11587
pistis-sophia-sofianin-dususu-on-ucuncu-eon,Pistis Sophia: Sofia&#x27;nın Düşüşü,Gnostisizm,8510
irenaeus-sapkinliklara-karsi-valentinuscu-aionlar,Sapkınlıklara Karşı: Valentinusçu Aionlar,Gnostisizm,218
bruce-kodeksi-setheus-uklumu-aeonlar,Setheus&#x27;un Uçurumu: Bruce Kodeksi ve Aeonların Doluluğu,Gnostisizm,145
simon-magus-buyuk-bildiri-ates-agaci,Simon Magus: Büyük Bildiri ve Ateş Ağacı,Gnostisizm,2495
mead-unutulmus-inancin-kalintilari-sofia-gelin-odasi-ezgisi,Sofia&#x27;ya Övgü: Işıktan Gelin Odasının Ezgisi,Gnostisizm,154
theodotostan-secmeler-valentinuscu-ruh,Theodotos&#x27;tan Seçmeler: Valentinusçu Ruh Öğretisi,Gnostisizm,156
thomas-incili-yasayan-isanin-sozleri-icimizdeki-krallik,Yaşayan İsa&#x27;nın Sözleri: İçinizdeki Krallık,Gnostisizm,153
yuhannanin-sirri-barbelo-kozmogonisi-irenaeus,Yuhanna&#x27;nın Sırrı: Barbelo Kozmogonisi,Gnostisizm,153
bardaisan-ulkelerin-yasalari-kitabi-kader-yildizlar,"Ülkelerin Yasaları Kitabı: Kader, Yıldızlar ve İnsanın İradesi",Gnostisizm,149
inci-ilahisi-ruhun-inisi,İnci İlahisi: Ruhun Doğu&#x27;dan İnişi ve Işıklı Kaftanın Çıkarılışı,Gnostisizm,17208
francis-potter-666-sayisinin-kokunu-cikarmak,666 Sayısının Kökünü Çıkarmak,Hermetizm,170
akil-hermes-e-ebediyet-zaman-kozmos,"Akıl Hermes&#x27;e: Ebediyet, Zaman ve Kozmos",Hermetizm,161
asclepius,Asclepius: Duyulur Tanrı Olarak Kozmos,Hermetizm,94
hermes-trismegistus-asclepius-diyalogu,Asklepios: Hermes Trismegistos&#x27;un İlahi Söyleşisi,Hermetizm,127
asclepius-tanri-yapan-heykeller-hermetik-diyalog,Asklepios: Tanrı Yapan Heykeller,Hermetizm,21061
valeriano-hieroglyphica-aslanin-avinda-ruhun-dogasi,Aslanın Avında Ruhun Doğası: Kadim Mezar Simgeleri,Hermetizm,109
jacob-boehme-aurora-hayat-agaci,Aurora: Doğanın Ağacı ve İyilikle Kötülük Arasındaki İnsan,Hermetizm,254
bocchi-hermathena-simgesel-sorular,Bocchi ve Hermathena: Simgesel Sorularla Erdemin Zaferi,Hermetizm,135
corpus-hermeticum-pimander,"Corpus Hermeticum, Pimander",Hermetizm,136
biruni-hindistan-tanri-birligi,Doğmamış ve Doğurmamış Olan: Bîrûnî&#x27;nin Kalemiyle Tanrı&#x27;nın Birliği,Hermetizm,149
dunyanin-bakiresi-kore-kosmou-isis-horus,Dünyanın Bakiresi: Isis&#x27;in Horus&#x27;a Sırrı,Hermetizm,28216
hekimin-dini-gizemde-kendini-kaybetmek-hermetizm,Gizemde Kendini Kaybetmek,Hermetizm,146
ficino-gunes-kitabi-ilahi-isik-iyilik,Güneş Kitabı: Işığın İlahi İyiliğe Benzeyişi Üzerine,Hermetizm,123
harran-sabileri-hermes-ogretisi,Harran Sabiîleri ve Hermes: Yıldızların Tek Sebebe İman Eden Kadim Öğretisi,Hermetizm,136
lilly-christian-astrology-decumbiture-hastalik-yargisi,Hastanın Yatağa Düştüğü Saatte Göklerin Yargısı,Hermetizm,151
ihvan-i-safa-hayvanlarin-davasi-kral-divani,Hayvanların Davası: Cin Kralının Divanında Bir Bilgenin Öğüdü,Hermetizm,112
pico-heptaplus-uc-dunya-hermetizm,Heptaplus: Üç Dünya Öğretisi,Hermetizm,165
boehme-her-seyin-imzasi-signatura-rerum,Her Şeyin İmzası,Hermetizm,199
augustinus-tanri-devleti-hermesin-misir-agiti,Hermes&#x27;in Mısır&#x27;ın Tanrıları İçin Ağıtı,Hermetizm,227
hermes-asklepiosa-cisimsiz-mekan,Hermes&#x27;ten Asklepios&#x27;a: Cisimsiz Mekân ve Tanrı,Hermetizm,220
hermesin-asklepios-tanimlari-tanri-iyilik,Hermes&#x27;ten Asklepios&#x27;a: Tanrı ile İyiliğin Birliği,Hermetizm,281
hermes-tat-otuz-alti-dekan-stobaios,Hermes&#x27;ten Tat&#x27;a: Otuz Altı Dekan,Hermetizm,213
hermetik-sanat-uzerine-kisa-bir-sorusturma-1714,Hermetik Sanat Üzerine Kısa Bir Soruşturma,Hermetizm,8226
hermetika-vii-en-buyuk-kotuluk-tanri-cehaleti,Hermetika VII: İnsanlar Arasındaki En Büyük Kötülük Tanrı Cehaletidir,Hermetizm,203
hermetika-x-anahtar-iyilik-goruntusu,Hermetika X: Anahtar,Hermetizm,120
horapollon-hieroglyphica-yilan-ile-sonsuzluk-ve-kozmos,Hieroglyphica: Yılanla Anlatılan Sonsuzluk ve Kâinat,Hermetizm,143
john-dee-monas-hieroglyphica,"Hiyeroglifik Monad: Merkez Nokta, Güneş ve İlk Gün",Hermetizm,157
ficino-hristiyan-din-uzerine-bilgelik-ve-dinin-birligi,Hristiyan Din Üzerine: Bilgelik ile Dinin Kadim Birliği,Hermetizm,131
kildani-kehanetleri-ata-zihni-ve-ruhun-donusu,Kildani Kehanetleri: Ata Zihni ve Ruhun Simgeleri,Hermetizm,89
kore-kosmou-dunyanin-bakiresi-isis-horus-mead,Kore Kosmou: Dünyanın Bakiresi,Hermetizm,14038
hermetika-dort-krater-zihin-vaftizi,Krater ya da Monad: Zihnin Vaftizi,Hermetizm,2451
kyranides-beyaz-asma-kartal-tasi,"Kyranides: Beyaz Asma, Kartal ve Kartal Taşı",Hermetizm,112
muzaffer-canavarin-kovulusu-erdemler-ayiplar-reformu,Muzaffer Canavarın Kovuluşu: Ruhun Ayıplarla Savaşı ve Göğün Reformu,Hermetizm,148
ripa-iconologia-misir-hikmeti-hermetik-suret,Mısır Hikmeti ve Suretin Örtüsü,Hermetizm,164
blavatsky-pecesi-kaldirilmis-isis-kadim-bilgelik-ogretisi,Peçesi Kaldırılmış İsis: Kadim Bilgelik Öğretisi,Hermetizm,25180
poimandres-o-isik-benim-hermetik-ilahi-akil,"Poimandres: O Işık Benim, Senin Tanrın, Akıl",Hermetizm,736
poimandres-ilahi-zihnin-gorunmesi,Poimandres: İlahi Zihnin Görünmesi,Hermetizm,138
poliphilonun-ruya-savasi-karanlik-orman,Poliphilo&#x27;nun Rüya Savaşı: Karanlık Ormanda,Hermetizm,181
pomponazzi-ruhun-olumsuzlugu-iman-akil-hermetizm,Ruhun Ölümsüzlüğü Üzerine Risale,Hermetizm,132
ihvan-i-safa-sayi-ilimlerin-kokudur,"Sayı, İlimlerin Kökü ve Manaların Alfabesidir",Hermetizm,7946
suleymanin-muhru-ornias-cini,Süleyman&#x27;ın Mührü ve Cin Ornias,Hermetizm,184
maier-arcana-arcanissima-hiyeroglifin-kilidi,Sırların En Gizlisi: Mısır-Yunan Hiyeroglifinin Anahtarı,Hermetizm,95
sirlarin-sirri-gizli-ilimlerin-perdelenmesi,Sırların Sırrı: Gizli İlimlerin Perdelenmesi,Hermetizm,14625
alciato-emblemata-tanri-ya-da-din,Tanrı ya da Din: İsis&#x27;in Eşeği ve Yol Ağzındaki Hermes,Hermetizm,139
tanri-sonsuz-kure-yirmi-dort-filozof-kitabi,"Tanrı, Merkezi Her Yerde Olan Sonsuz Küredir",Hermetizm,4994
tum-caglarin-gizli-ogretileri-hermes-trismegistus,Tüm Çağların Gizli Öğretileri: Thoth Hermes Trismegistus&#x27;un Zuhuru,Hermetizm,128
balinas-yaratilisin-sirri-serapis-tapinagi,Yaratılışın Sırrı: Serapis Tapınağında Hermes ile Karşılaşma,Hermetizm,248
plethon-yasalar-uzerine-tanrilar-uzerine-anlasmazlik,Yasalar Üzerine: Tanrılar Hakkında Anlaşmazlık,Hermetizm,4480
hermetica-xiii-yeniden-dogus,Yeniden Doğuş Üzerine Gizli Vaaz,Hermetizm,130
hermetika-13-yeniden-dogus-dagdaki-gizli-vaaz,Yeniden Doğuşa Dair Dağdaki Gizli Vaaz,Hermetizm,5913
zumrut-tablet-tabula-smaragdina-hermes-hermetizm,Zümrüt Tablet: Yukarıda Nasılsa Aşağıda da Öyle,Hermetizm,29712
ilahi-ogretiler-hermes-ve-tek-tanri,İlahi Öğretiler: Hermes Trismegistus ve Tek Tanrı,Hermetizm,129
agrippa-ilimlerin-boslugu-hermetik-heykeller,İlimlerin Boşluğu: Tanrıların Suretlerini Konuşturan Sanat,Hermetizm,153
philostratus-apollonius-ilk-tanri,İlk Tanrı&#x27;ya Sunulan Sessiz Söz,Hermetizm,135
hermes-trismegistos-insan-bir-alemdir,İnsan Bir Âlemdir: Hermes&#x27;in Ammon&#x27;a Öğretisi,Hermetizm,130
pico-insanin-onuru-uzerine-soylev,İnsanın Onuru Üzerine Söylev,Hermetizm,200
isis-horustan-dunyanin-bakiresi-ruhun-bedene-inisi,İsis&#x27;ten Horus&#x27;a: Ruhun Bedene İnişi,Hermetizm,166
van-helmont-aritilmis-hekimlik-sifa-arayisi,Şifanın Sessiz Çilesi: Van Helmont&#x27;un İtirafı,Hermetizm,133
gikatilla-adalet-kapilari-uc-sefirot-ucgeni,Adalet Kapıları: Sefirotların Üç Üçlüsü ve Biricik İsim,Kabbalah,115
abraham-abulafia-aklin-isigi,"Aklın Işığı: İnsan, Küçük Bir Evren",Kabbalah,164
moses-de-leon-kutsal-mabet-sekinah,"Aşağıdaki Mabet, Yukarıdaki Örüntünün Sırrıdır",Kabbalah,153
akkolu-ishak-canin-hazinesi-tovbe-ve-hikmet,Canımın Bildiği Şey: Akkolu İshak&#x27;ın İtirafı,Kabbalah,148
van-helmont-seder-olam-dort-alem,Dört Âlem ve On Sudur: İbrani Bilgelerin Kabala Öğretisi,Kabbalah,151
abulafia-gelecek-dunyanin-yasami,Gelecek Dünyanın Yaşamı,Kabbalah,124
welling-opus-mago-cabbalisticum-gercek-kabala,Gerçek Kabala: Doğanın Alfabesinin Anahtarı,Kabbalah,115
recanati-taamei-ha-mitzvot-hidden-and-manifest-kabbalah,Gizli Olan ile Aşikâr Olan: Recanati&#x27;nin Kabbalistik Öğretisi,Kabbalah,175
postel-gizli-seylerin-anahtari,Gizli Şeylerin Anahtarı,Kabbalah,137
gizlilik-kitabi-kadim-yuz-sakali,Gizlilik Kitabı: Kadim Olan&#x27;ın Sakalı,Kabbalah,25558
herrera-gate-of-heaven-four-worlds-kabbalah,Göğün Kapısı: Meleklerin Esîrî Bedenleri ve Kabala&#x27;nın Dört Âlemi,Kabbalah,184
temunah-harflerin-sureti-yaratilis-kitabi,Harflerin Sureti: Yaratılış Kitabı&#x27;nda İki Yüz Otuz Bir Kapı,Kabbalah,112
sefer-ha-peliyah-book-of-wonder-tek-irade,Harikalar Kitabı: Tek İrade ve İsmin Sırrı,Kabbalah,166
etz-hayim-adam-kadmon-yaratilis-mertebeleri,Hayat Ağacı: Adam Kadmon ve Yaratılışın Mertebeleri,Kabbalah,72551
menasseh-ben-israel-nishmat-hayyim-ruhun-onceligi,Hayatın Ruhu: İnsanı Taçlandıran Ruh Üzerine,Kabbalah,17727
sefer-ha-bahir-isik-koktur,Işık Köktür: Kadim Nur Üzerine,Kabbalah,177
reuchlin-kabala-sanati,Kabala Sanatı Üzerine,Kabbalah,180
reuchlin-de-arte-cabalistica-symbolic-philosophy-kabbalah,Kabala Sanatı Üzerine: Simgesel Felsefe,Kabbalah,88
kabbala-denudata,Kabalanın Açılışı,Kabbalah,187
pico-della-mirandola-kabalistik-sonuclar,Kabalistik Sonuçlar,Kabbalah,130
kabbala-denudata-alef-harfi-ve-sefirotlar,Kabbala Denudata: Alef Harfi ve Sefirotların Sudûru,Kabbalah,158
sefer-ha-bahir-kadim-isik-ve-karanlik,Kadim Işık ile Kadim Karanlık: Yaratılıştan Önce,Kabbalah,10990
emek-ha-melech-kralin-vadisi-tzimtzum,Kralın Vadisi: İlahî Işığın Katlanışı,Kabbalah,139
meir-ibn-gabbai-kutsal-hizmet-birlik-sirri,Kutsal Hizmet: Birlik Sırrı ve Duanın Niyeti,Kabbalah,158
ibn-gabbai-kutsal-hizmet-ruhun-donusu,Kutsal Hizmet: Ruhun Yukarı Kaynağına Özlemi,Kabbalah,373
gikatilla-kutsal-isimlerin-hazine-evi,Kutsal İsimlerin Hazine Evi,Kabbalah,160
da-fano-kabbalah-kutsamalarin-niyeti,Kutsamaların Niyeti: Kabbalistik Derlemeden Bir Pasaj,Kabbalah,51728
melek-raziel-adem-e-verilen-kitap,Melek Raziel&#x27;in Adem&#x27;e Verdiği Kitap,Kabbalah,122
ibn-gabirol-crown-of-the-kingdom-kabbalah-prayer,Melekûtun Tacı: İlahi İradeye Bir Niyaz,Kabbalah,123
zohar-mispatim-ihtiyari-ruh-gocu,Mişpatim&#x27;in Yaşlısı: Canların Ruh Göçü,Kabbalah,129
reuchlin-mucizevi-soz-gizli-adlar,Mucizevi Söz Üzerine,Kabbalah,10012
kircher-misir-oidipusu,Mısır Oidipusu,Kabbalah,136
cordovero-nar-bahcesi-sudurun-sirri,Nar Bahçesi: Sudûrun Sırrı ve Sefirot&#x27;un Kanalları,Kabbalah,161
cordovero-pardes-rimonim-on-sefirot,Nar Bahçesinin On Sefirotu Üzerine,Kabbalah,131
sefer-yetzirah-on-sefiroth-yaratilis-kitabi,On Anlatılamaz Sefiroth: Yaratılış Kitabı&#x27;ndan,Kabbalah,2944
azriel-gerona-on-sefirot-aciklamasi,On Sefirot&#x27;un Açıklaması: Ain Soph&#x27;tan Taşan Kudretler,Kabbalah,151
recanati-tevrat-serhi-pico-kabbalah,Recanati&#x27;nin Tevrat Şerhi: Pico della Mirandola&#x27;nın Kabalist El Yazmaları Fihristinden,Kabbalah,148
chaim-vital-reenkarnasyon-kapisi-dallar-kapisi,Ruhun İnişi ve Kıvılcımların Arınması: Dallar Kapısı,Kabbalah,163
zohar-raaya-meheimna-sadik-coban,Sadık Çoban (Ra&#x27;aya Meheimna),Kabbalah,93
sefer-yetzirah-dunya-yil-ruh,"Sefer Yetzirah: Mimarın Zihnindeki Tasarım ve Dünya, Yıl, Ruh Üçlemesi",Kabbalah,184
sefer-yetzirah-otuz-iki-hikmet-yolu-pistorius,Sefer Yetzirah: Otuz İki Hikmet Yolu,Kabbalah,145
sefer-yetzirah-otuz-iki-yol-on-sefira,Sefer Yetzirah: Otuz İki Hikmet Yolu ve On Sefira,Kabbalah,12554
sefer-ha-pelia-hikmet-anlayis-bilgi-yaratilis,"Sefer ha-Peliah: Hikmet, Anlayış ve Bilgi Üzerine",Kabbalah,126
moses-de-leon-sefirotlara-akan-ilahi-bereket,Sefirotlara Akan İlahi Bereket,Kabbalah,125
zohar-tevratin-sirlari-de-lattes-savunmasi,Sitrei Tora: Tevrat&#x27;ın Sırları ve Sözlü Gizlilik,Kabbalah,111
kalbin-gorevleri-tanrinin-huzurunda-yasamak,Tanrı&#x27;yı Daima Önünde Tutmak: Kalbin Hizmeti,Kabbalah,141
teli-gokyuzu-ejderi-yetzirah-kabbalah,Teli: Göklerin Ejderi ve Tahtındaki Kral,Kabbalah,126
nahmanides-secrets-of-the-torah-introduction,Tevrat&#x27;ın Sırları: Ramban&#x27;ın Tevrat Şerhine Girişi,Kabbalah,153
tikkunei-ha-zohar-bereshit-yetmis-onarim,Tikkunei ha-Zohar: Bereşit&#x27;in Yetmiş Onarımı,Kabbalah,139
luzzatto-tikkunim-pethach-eliyahu,"Tikkunlar&#x27;a Giriş: Efendi, Sen Birsin",Kabbalah,19975
horowitz-iki-levha-yaratilistan-once,Yaratılıştan Önce: O ve O&#x27;nun Adı,Kabbalah,140
zohar-yaratilis-serhi-kirk-iki-harf-ilk-isik,Yaratılışın Sırrı: Kırk İki Harf ve İlk Işık,Kabbalah,112
cordovero-or-yakar-bereshit-adalet-ve-merhamet-isigi,Yaratılışın İki Işığı: Adalet ve Merhamet,Kabbalah,161
pico-heptaplus-yedinci-sebt-anlatisi,Yedi Mühürle Mühürlenmiş Kitap: Heptaplus&#x27;un Sebt Anlatısı,Kabbalah,116
sefer-ha-temunah-yirmi-iki-temel-harf,Yirmi İki Temel Harf: Yaratılış Kitabı,Kabbalah,98
bilgeligin-baslangici-yurege-giren-ogut,Yüreğe İşleyen Öğüt: Bir Kabalistin Vasiyeti,Kabbalah,165
zohar-chadash-adam-ha-rishon-isigin-yayilisi,Zohar Chadash: Işığın Yayılışı ve İlk İnsan,Kabbalah,226
zohar-onsozu-bereshit-yaratilis-isigi,Zohar Önsözü: Bereşit&#x27;in Yaratılış Işığı,Kabbalah,146
zohar-teruma-kandil-alevi-duanin-sirri,"Zohar, Teruma Bölümü: Kandilin Alevi ve Duanın Sırrı",Kabbalah,156
zohar-sadik-coban-musa-emirleri-yaratilis,Zohar: Emirler ve Yaratılışın İşi,Kabbalah,130
chaim-vital-hayat-agaci-ofke-ve-alcakgonulluluk,Öfke Bütün Kötülüklerin Köküdür,Kabbalah,108
cordovero-pardes-rimmonim-gate-of-the-essence,Öz Kapısı: On Sefira ve Yaratılış Kitabı&#x27;nın Sırrı,Kabbalah,189
idra-rabba-buyuk-meclis-sakalin-tertibi,İdra Rabba: Büyük Meclis ve Sakalın On Üç Tertibi,Kabbalah,123
zohar-idra-zuta-kucuk-meclis-rabbi-simeon-olumu,İdra Zuta: Küçük Meclis ve Rabbi Şimon&#x27;un Göçüşü,Kabbalah,138
kor-ishak-tefekkur-ilahi-irade-kabala,İlahi İradeye Teslim: Kalbin Tefekkürü Üzerine,Kabbalah,143
gikatilla-gates-of-light-names-as-keys-kabbalah,"İlahi İsimler, Her Kapıyı Açan Anahtarlardır",Kabbalah,126
kabbala-denudata-tetragrammaton-jod-he-kabbalah,İsmin Harfleri: Yod ile He&#x27;nin Sırrı,Kabbalah,140
bahir-israil-tacli-ogul-ve-suren-agac,İsrail&#x27;in Tacı ve Süren Ağaç: Bahir&#x27;den Bir Mesel,Kabbalah,147
isaac-luria-sabat-sofrasi-ilahileri-kutsal-elmalar-tarlasi,Şabat Sofrası İlahileri: Kutsal Elmalar Tarlası ve Üç Öğün,Kabbalah,268
maimonides-saskinlar-icin-kilavuz-simsek-cakislari,Şimşek Çakışları: Tanrı&#x27;yı İdrak Mertebeleri,Kabbalah,158
batlamyus-almagest-gogun-kureselligi,Almagest: Göğün Küresel Olarak Devindiği Üzerine,Kozmoloji,120
aratus-phaenomena-hayvanlar-cemberi,"Aratos, Phainomena: Hayvanlar Çemberi ve Güneşin Yıllık Yolculuğu",Kozmoloji,134
cardano-de-subtilitate-dunyanin-duzeni,Bütün Dünyanın Düzeni ve Göklerin Seyri Üzerine,Kozmoloji,12702
makrokozmos-mikrokozmos-buyuk-insan-kucuk-dunya,Büyük Âlem ve Küçük İnsan: Makrokozmos ile Mikrokozmos,Kozmoloji,121
plinius-dogal-tarih-ii-evren,Doğal Tarih II: Evren,Kozmoloji,266
francesco-giorgi-harmonia-mundi-muzigin-gucu,Doğanın ve İlahi Şeylerin Uyumunda Gizli Güç,Kozmoloji,8216
doganin-sikayeti-jean-de-meun-tabiat-itiraf,Doğanın Şikâyeti: Tabiat&#x27;ın İtirafı,Kozmoloji,140
blavatsky-dzyan-stanzalari-kozmik-olusum,Dzyan Stanzaları: Evrenin Uyanışından Önceki Karanlık,Kozmoloji,3069
robert-fludd-dunya-monokordu-kozmik-uyum,Dünya Monokordu: Kozmosun Piramidal Uyumu,Kozmoloji,154
fontenelle-dunyalarin-coklugu-aydaki-insanlar,Dünyaların Çokluğu Üzerine Söyleşiler,Kozmoloji,112
kepler-harmonices-mundi,Dünyanın Harmonisi,Kozmoloji,195
honorius-dunyanin-sureti-alemin-yumurta-benzetmesi,Dünyanın Sureti: Âlemin Biçimi ve Dört Unsur,Kozmoloji,139
giorgi-de-harmonia-mundi-dunyanin-uyumu,Dünyanın Uyumu Üzerine,Kozmoloji,145
hyginus-poetica-astronomica-draco-ejderha,Ejderha: İki Ayı Arasına Yerleştirilen Yılan,Kozmoloji,113
nicholas-of-cusa-erisilmezin-erisilmezligi,Erişilmezin Erişilmez Biçimde Erişilmesi,Kozmoloji,129
cardano-seylerin-cesitliligi-evren-ve-gok-felekleri,Evrenin Birliği ve Sonsuzluğu Üzerine,Kozmoloji,148
campanella-seylerin-duyusu-evrenin-duyusu,"Evrenin Duyusu: Dünya, Yüce Tanrı&#x27;nın Yaşayan Bir Tapınağıdır",Kozmoloji,233
timaios-lokrili-evrenin-ruhu-uzerine,Evrenin Ruhu ve Doğa Üzerine,Kozmoloji,135
chalcidius-timaios-serhi-evrenin-ruhu,Evrenin Ruhu: Tanrı&#x27;nın Biçimlendirdiği Yetkin Küre,Kozmoloji,120
ocellus-lucanus-evrenin-tabiati-uzerine,Evrenin Tabiatı Üzerine,Kozmoloji,128
kircher-evrensel-muzik,Evrensel Müzik Sanatı,Kozmoloji,175
omer-hayyam-rubailer-ezel-kalemi-ve-kaderin-cizgisi,Ezelin Şafağı ve Kaderin Değişmez Kalemi,Kozmoloji,132
martianus-capella-filoloji-ile-merkurun-dugunu,Filoloji ile Merkür&#x27;ün Düğünü,Kozmoloji,138
campanella-galileo-savunmasi-kopernik-lehine,Galileo İçin Savunma: Kopernik&#x27;in Lehine Deliller,Kozmoloji,169
isidoros-etymologiae-gokler-gok-kuresi,Gök ve Onun Adı Üzerine,Kozmoloji,225
cleomedes-gokler-uzerine-donen-kureler,Gökler Üzerine: Dönen Kürelerin Kuramı,Kozmoloji,145
tycho-brahe-yeni-yildiz-1572-goklerin-yasasi,Göklerde Beliren Yeni Yıldız: Aristoteles&#x27;in Yasasını Bozan Işık,Kozmoloji,106
fergani-goklerin-yuvarlakligi,Göklerin Yuvarlaklığı ve Yıldızların Dairesel Devinimi Üzerine,Kozmoloji,99
copernicus-goksel-kureler,Göksel Kürelerin Devinimleri Üzerine,Kozmoloji,331
thomas-digges-goksel-makinenin-yeni-anatomisi,Göksel Makinenin Yeni Anatomisi,Kozmoloji,128
kircher-iter-exstaticum-goksel-vecd-yolculugu,Göksel Vecd Yolculuğu,Kozmoloji,133
alfraganus-gokyuzu-bir-kuredir,Gökyüzü Bir Küredir,Kozmoloji,99
gogun-kuresi-sacrobosco-sphaera-mundi,Göğün Küresi,Kozmoloji,8562
campanella-gunes-kenti-gunes-tapinagi,Güneş Kenti: Göklerin Resmedildiği Tapınak,Kozmoloji,177
basileios-hexaemeron-baslangicta-yaratan-tanri,Hexaemeron: Yaratılışın Başlangıcı ve Zamanın Doğuşu,Kozmoloji,696
fracastoro-homocentrica-dokuzuncu-sekizinci-kure,Homocentrica: Dokuzuncu ve Sekizinci Kürenin Devinimi Üzerine,Kozmoloji,122
cosmas-indicopleustes-hristiyan-topografyasi-cadir-evren,Hristiyan Topografyası: Çadır ve Evrenin Sureti,Kozmoloji,113
kircher-isik-ve-golge-sanati-onsoz,Işığın Övgüsü: Evreni Ayakta Tutan Göksel Güç,Kozmoloji,155
apian-cosmographia-nedir,Kozmografya Nedir,Kozmoloji,129
fludd-kutsal-felsefe,Kutsal Felsefe,Kozmoloji,165
bruno-kul-carsambasi-sonsuz-evren,Kül Çarşambası Akşam Yemeği: Sonsuz Göğün Habercileri,Kozmoloji,135
macrobius-scipio-ruyasi-serhi-kurelerin-uyumu,Kürelerin Uyumu: Göklerin Sesi Üzerine,Kozmoloji,218
gilbert-de-magnete-miknatisin-ruhu,Mıknatısın Ruhu Üzerine,Kozmoloji,138
telesio-nesnelerin-dogasi-uzerine-canli-evren,Nesnelerin Doğasına Duyu Verildiğinde: Yaşayan Evren,Kozmoloji,171
aratos-phainomena-zeus-ile-baslayalim,Phainomena: Zeus ile Başlayalım,Kozmoloji,416
philolaos-sayi-ve-kozmos,Philolaos: Sayı ve Kozmos,Kozmoloji,172
ramon-llull-ars-brevis-ilahi-bilginin-sureti,"Ramon Llull, Ars Brevis: İlahi Bilginin Sureti Olan Sanat",Kozmoloji,164
cicero-scipionun-ruyasi-kurelerin-uyumu,Scipio&#x27;nun Rüyası: Kürelerin Uyumu,Kozmoloji,16496
bruno-sonsuz-evren,Sonsuz Evren ve Dünyalar Üzerine,Kozmoloji,136
robert-fludd-tanri-ve-dunya-aynasi-yaratilis,Tanrı ve Dünya Aynası: Yaratılışın Işığa Dönüşmesi,Kozmoloji,149
athanasius-kircher-mundus-subterraneus-vezuv-krateri,Vezüv&#x27;ün Kalbinde: Doğa&#x27;nın Yeraltı Ocağı,Kozmoloji,193
sabunde-dogal-teoloji-yaratiklar-kitabi,Yaratıkların Kitabı: Tek Ustanın Kanıtı,Kozmoloji,173
tycho-astronomi-alistirmalari,Yenilenmiş Astronominin Alıştırmaları,Kozmoloji,136
kircher-yeralti-atesi-ile-suyun-evliligi,Yeraltı Dünyası: Ateş ile Suyun Evliliği,Kozmoloji,220
sacrobosco-de-sphaera-yerin-yuvarlakligi,Yerin Yuvarlaklığı Üzerine,Kozmoloji,156
burnet-yeryuzunun-kutsal-kurami,Yeryüzünün Kutsal Kuramı,Kozmoloji,143
galileo-yildiz-habercisi,Yıldız Habercisi,Kozmoloji,216
musevi-felsefesi-hava-cami-ruzgar-ruh-fludd,Yıllık Rüzgârları Kımıldatan Güneşteki Can Verici Ruh,Kozmoloji,233
biruni-kadim-milletlerin-kronolojisi-yilin-tabiati,Yılın Tabiatı Üzerine: Güneşin Dönüşü ve Gözlemin Alçakgönüllülüğü,Kozmoloji,152
conchesli-william-dunyanin-felsefesi-zit-unsurlar-ve-yaratici,Zıt Unsurlardan Kurulan Dünya ve Onu Düzene Koyan Bilgelik,Kozmoloji,12723
bruno-muzaffer-canavarin-kovulusu-zitlarin-uyumu,Zıtların Uyumu: Muzaffer Canavarın Kovuluşu,Kozmoloji,119
fludd-iki-kozmos,İki Kozmosun Tarihi,Kozmoloji,302
cardano-incelik,İncelik Üzerine,Kozmoloji,158
cardano-inceligin-kitabi-unsurlar-ve-formlar,"İnceliğin Kitabı: Unsurlar, Biçimler ve Evrenin Düzeni",Kozmoloji,153
fludd-mikrokozmos,"Fludd'un İnsan, Küçük Evren Öğretisi",Kozmoloji,123
seylerin-tabiati-sicaklik-soguk-madde-telesio-gelenegi,"Şeylerin Tabiatı: Sıcaklık, Soğukluk ve Madde",Kozmoloji,152
proklos-euclid-serhi-geometri-ve-ruhun-uc-dairesi,Geometri ve Ruh: Üç Dairenin Sırrı,Kutsal Geometri ve Mimari,160
kepler-mysterium-cosmographicum,Kozmografik Sır,Kutsal Geometri ve Mimari,339
serlio-birinci-kitap-geometri-kutsal-formlar,Kusursuz Dairenin Merkezi: Serlio ve Mimarinin İlk Biçimleri,Kutsal Geometri ve Mimari,120
kyros-bahcesi-quincunx-gokyuzunun-kutsal-geometrisi,Kyros Bahçesi: Quincunx ve Göğün Şehrinin Mistik Matematiği,Kutsal Geometri ve Mimari,206
alberti-mimarlik,Mimarlık Üzerine,Kutsal Geometri ve Mimari,205
vitruvius-mimarlik,Mimarlık Üzerine On Kitap,Kutsal Geometri ve Mimari,299
di-giorgio-mimarlik-incelemesi-vitruvius-orantilari,Mimarlık İncelemesi: Vitruvius Zincirinde Güzelliğin Kanunları,Kutsal Geometri ve Mimari,150
palladio-mimarligin-dort-kitabi-guzellik-oran,"Mimarlığın Dört Kitabı: Güzellik, Bütünün Parçalarla Uyumundan Doğar",Kutsal Geometri ve Mimari,219
boethius-muzik,Müziğin İlkeleri Üzerine,Kutsal Geometri ve Mimari,224
nicomachus-aritmetige-giris-kurelerin-muzigi,Ruhu Uyandıran Dört Bilim ve Sayının Önceliği,Kutsal Geometri ve Mimari,191
kircher-arithmologia-sayilarin-gizli-sirlari-uc-birlik,Sayıların Gizli Sırları Üzerine: Üç Birlikli Monad ve Âlemin Mimarisi,Kutsal Geometri ve Mimari,102
theon-smyrna-matematik-platon-delos-sunagi,Tanrının Buyurduğu Sunak: Geometriyi Küçümseyen Yunanlılara Bir Sitem,Kutsal Geometri ve Mimari,163
euclid-elements-geometry-definitions,Öğeler: Geometrinin İlk Tanımları,Kutsal Geometri ve Mimari,157
pacioli-ilahi-oran,İlahi Oran Üzerine,Kutsal Geometri ve Mimari,234
cesariano-vitruvius-serhi-insan-bedeni-daire-kare,"İnsan Bedeni, Daire ve Kare: Kutsal Tapınağın Ölçüsü",Kutsal Geometri ve Mimari,92
durer-insan-simetrisi,İnsan Bedeninin Simetrisi,Kutsal Geometri ve Mimari,164
eckartshausen-mabedin-uzerindeki-bulut-alacakaranlik-cagi,Alacakaranlık Çağı: Mabedin Üzerindeki Bulut&#x27;tan Birinci Mektup,Mistik Teoloji,117
al-muhasibi-riaya-allahin-hakkini-gozetmek-mistik-teoloji,"Allah&#x27;ın Hakkını Gözetmek: Vefa, Edep ve Mürüvvet",Mistik Teoloji,148
weigel-altin-kavrayis-kendini-bilme,Altın Kavrayış: Kendini Bilmenin Aynası,Mistik Teoloji,121
evagrios-pontikos-arinmis-zihin-ve-dua,Arınmış Zihin ve Dikkati Dağılmayan Dua,Mistik Teoloji,140
boehme-aurora-day-spring-heart-of-god-mystical-theology,Aurora: Şafağın Kızıllığı,Mistik Teoloji,216
annie-besant-yogaya-giris-benlige-giden-yol,Benlik Yoluyla Benliğe Ulaşmak,Mistik Teoloji,6804
bilinmezlik-bulutu-uculuncu-bolum,Bilinmezlik Bulutu,Mistik Teoloji,167
bilinmezlik-bulutu-tefekkurun-merdiveni,Bilinmezlik Bulutu: Tefekkürün Merdiveni,Mistik Teoloji,108
nazianzoslu-gregorios-ikinci-ilahiyat-soylevi-tanrinin-arka-yani,Buluta Girmek: Tanrı&#x27;nın Yalnızca Arka Yanını Görmek,Mistik Teoloji,125
pordage-theologia-mystica-buzulmus-goz,Büzülmüş Göz: Kendini Gizemine Kapatan Tanrı,Mistik Teoloji,18132
jane-lead-bahceler-cesmesi-cennet-kapisi,Cennet Kapısı Size Açık Duruyor,Mistik Teoloji,3246
cennet-ilahileri-bahcenin-sirlari-efraim,Cennet İlahileri: Bahçenin Sırları,Mistik Teoloji,96
aphrahat-dua-uzerine-kanitlama,Dua Üzerine Kanıtlama: Yüreğin Arılığı,Mistik Teoloji,122
duanin-kisa-ve-kolay-yolu-guyon-yurek-duasi,Duanın Kısa ve Kolay Yolu: Yürek Duası,Mistik Teoloji,128
william-law-duanin-ruhu,"Duanın Ruhu, Birinci Bölüm",Mistik Teoloji,4002
bourignon-dunyanin-isigi-son-merhamet,Dünyanın Işığı: Şamdana Konan Nur,Mistik Teoloji,131
henry-suso-ebedi-bilgelik-gelin,Ebedi Bilgelik: Gencin Ruhunu Tutuşturan Gelin,Mistik Teoloji,139
khunrath-ebedi-hikmet,Ebedi Hikmetin Amfiteatrı,Mistik Teoloji,230
suso-ebedi-hikmet-kitabi-mistik-teoloji,Ebedî Hikmet Sesleniyor: Çarmıhtan Konuşan Şefkat,Mistik Teoloji,117
steiner-erginlenme-yolu-bilgi-ve-hizmet,Erginlenme Yolu: Yüce Âlemlerin Bilgisine Giden Yol,Mistik Teoloji,3200
nesimi-divan-kamil-insan-ademe-secde,Ey İlâhî Kitab&#x27;ın Nüshası: Nesîmî&#x27;nin Dilinden Kâmil İnsan,Mistik Teoloji,104
kempis-mesihin-taklidi-hakikatin-ogretisi-ic-hayat,Ezelî Kelâm&#x27;ın Konuştuğu Ruh: Hakikatin Öğretisi Üzerine,Mistik Teoloji,146
julian-of-norwich-findik-gorumu-ilahi-sevgi,Fındık Kadar Küçük Bir Şey: Julian&#x27;ın Görümü,Mistik Teoloji,146
dionysius-goksel-hiyerarsi,Göksel Hiyerarşi ve İlahi İsimler,Mistik Teoloji,176
boehme-mysterium-magnum-buyuk-sir,"Görünen Dünya, Söylenmiş Sözdür",Mistik Teoloji,11061
richard-saint-victor-benjamin-gormeyen-goz,Görünmezi Arayan Zihin: Tefekkürün Eşiğinde,Mistik Teoloji,122
saadi-gulistan-onsoz-sukur-ve-ilahi-merhamet,Gülistan: Önsöz — Şükür ve İlahi Merhamet,Mistik Teoloji,1636
bar-hebraeus-guvercin-kitabi-kamillerin-ruhani-huzuru,Güvercin Kitabı: Kâmillerin Ruhani Huzuru,Mistik Teoloji,149
gazali-tasavvuf-hakikat-yolu,Hakikat Yolunun Öncüleri: Sufiler ve Kalbin Arınması,Mistik Teoloji,896
imitatio-christi-hakikat-ogretisi,Hakikatin Öğretisi Üzerine,Mistik Teoloji,165
avilali-teresa-ruhun-mansiyonlari-hayat-pinari,Hayat Pınarı: Herkese Açık İlahi Su,Mistik Teoloji,133
angela-foligno-hac-goruntusu-ates,Haçın Görüntüsü ve Sevginin Ateşi,Mistik Teoloji,136
ibn-arabi-arzular-tercumani-ask-dini,Kalbim Her Sûrete Açıldı,Mistik Teoloji,142
clairvauxlu-bernard-tanriyi-sevmek-uzerine,Kalbin İçinde Mesih: Tanrıyı Sevmek ve Çarmıha Gerilenin Suretini Seyretmek,Mistik Teoloji,8722
haclimli-yahya-karanlik-gece-ilahi-birlesme,Karanlık Gece: Ruhun İlahi Birleşmeden Önceki Yok Oluşu,Mistik Teoloji,141
valentin-weigel-kendini-bil,Kendini Bil,Mistik Teoloji,5739
tauler-vaazlar-teslimiyet-derin-deniz,Kendini Tümüyle Tanrı&#x27;ya Bırakmak,Mistik Teoloji,100
angelus-silesius-kerubi-yolcu-ruhun-duasi,Kerubî Yolcu: Ruh ile Dua,Mistik Teoloji,180
maximos-mistagogia-kilise-tanrinin-sureti,Kilisenin Tanrı&#x27;nın Sureti ve Tipi Oluşu Üzerine,Mistik Teoloji,249
al-sarraj-kitab-al-luma-sufi-marifeti-mistik-teoloji,Kitâbü&#x27;l-Luma&#x27;: Sûfînin Ledünnî Marifeti,Mistik Teoloji,128
bilinmezlik-bulutu-kusursuz-sevenlerin-mertebesi,Kusursuz Sevenlerin Mertebesine Yükseliş,Mistik Teoloji,124
boehme-threefold-life-holy-ternary-mystical-theology,Kutsal Üçlemede: İnsanın Üç Katlı Hayatından,Mistik Teoloji,103
nizami-leyla-mecnun-ilahi-ask-mistik-teoloji,Leylâ ile Mecnûn: Aşkın Hakikati ve Kutsallığı,Mistik Teoloji,119
jami-lavaih-parilti-dort-fani-alem,Lâvâih: Işık Parıltıları (Dördüncü Parıltı),Mistik Teoloji,124
filokalya-manastir-hayatinin-gizli-hazinesi,Manastır Hayatının Gizli Hazinesi: İç Dua Üzerine,Mistik Teoloji,131
diadokhos-fotikeli-manevi-bilgi-ve-ayirt-edis,Manevi Bilgi ve Ayırt Ediş Üzerine,Mistik Teoloji,119
ruusbroec-manevi-nikah-ebedi-gunes-erdemlerin-suslenisi,Manevi Nikah: Ebedi Güneş ve Erdemlerin Süslenişi,Mistik Teoloji,153
jacob-boehme-mektuplar-bir-hristiyan-nedir,Mektuplar: Bir Hristiyan Nedir,Mistik Teoloji,17332
boehme-mesihin-ahitleri-vaftiz-ve-sofra,Mesih&#x27;in Ahitleri Üzerine: Vaftiz ve Kutsal Sofra,Mistik Teoloji,20445
boehme-mesihe-giden-yol-hakiki-tovbe,Mesihe Giden Yol: Hakiki Tövbe Üzerine,Mistik Teoloji,168
boehme-mesihe-giden-yol-yeniden-dogus,Mesihe Giden Yol: Yeniden Doğuş Üzerine,Mistik Teoloji,124
kyrillos-mistagojik-vaazlar-serafim-ilahisi,Mistagojik Vaazlar: Serafim İlahisi ve Ruhun Çağrılışı,Mistik Teoloji,121
areopagit-dionysius-mistik-ilahiyat-ilahi-karanlik,Mistik İlahiyat: İlahi Karanlık,Mistik Teoloji,160
dionysius-mistik-teoloji-musanin-karanliga-cikisi,Musa&#x27;nın İlahi Karanlığa Çıkışı,Mistik Teoloji,168
john-smith-select-discourses-mutlulugun-tanri-hazzi,Mutluluk ve Tanrının Hazzı,Mistik Teoloji,127
boehme-mysterium-magnum-yaratilis,Mysterium Magnum: Yaratılışın Yorumu,Mistik Teoloji,138
swedenborg-heaven-and-hell-correspondence,Mütekabiliyet: Semanın Yeryüzündeki Aksi,Mistik Teoloji,161
mesnevi-neyname-ayriligin-feryadi,Ney&#x27;in Feryadı: Ayrılığın Sırrı,Mistik Teoloji,139
rumi-mesnevi-neyin-figani,Neyi Dinle: Ayrılığın Feryadı,Mistik Teoloji,162
mesnevi-neyin-feryadi-mistik-ilahiyat,Neyin Feryadı: Mesnevi&#x27;nin Açılış Sözü,Mistik Teoloji,201
gazali-nurlar-feneri-hakiki-nur-allahtir,Nurlar Feneri: Hakiki Nur Allah&#x27;tır,Mistik Teoloji,5478
minucius-felix-octavius-tek-tanri-inayet,Octavius: Her Şeyin Babası Olan Tek Tanrı,Mistik Teoloji,127
ruusbroec-parildayan-tas-ilahi-birlesme-uc-yol,Parıldayan Taş: Tanrı ile Birleşmenin Üç Yolu,Mistik Teoloji,174
ruh-ve-dirilis-uzerine-macrina-diyalogu,Ruh ve Diriliş Üzerine,Mistik Teoloji,122
tertullianus-ruh-uzerine-olumsuzluk-ve-hakikat,Ruh Üzerine: Filozofların Kapısını Çalmayız,Mistik Teoloji,85
ruusbroec-ruhani-dugun-sonsuz-sevgi-denizi,Ruhani Düğün: Ruhun Üzerinde Asılı Duran Sonsuz Sevgi Denizi,Mistik Teoloji,126
molinos-ruhsal-rehber-quietism,Ruhsal Rehber: İçsel Sessizliğin Yolu,Mistik Teoloji,113
madame-guyon-ruhsal-seller,Ruhsal Seller,Mistik Teoloji,188
rumi-masnavi-dort-mertebe-mistik-teoloji,"Ruhun Dört Mertebesi: Şeriat, Tarikat, Marifet ve Hakikat",Mistik Teoloji,154
hacli-yahya-ruhun-karanlik-gecesi,Ruhun Karanlık Gecesi,Mistik Teoloji,153
boehme-ruh-uzerine-kirk-soru-okuyucuya,Ruhun Kıymeti Üzerine: Okuyucuya,Mistik Teoloji,160
mechthild-magdeburg-tanrisalligin-akan-isigi,Ruhun Saraya Yolculuğu,Mistik Teoloji,132
makarios-vaazlar-kalp-tanri-tahti,Ruhun Tanrı&#x27;nın Tahtı Oluşu,Mistik Teoloji,121
folignolu-angela-ruhun-tanri-goruntusu-mistik-teoloji,Ruhun Tanrı&#x27;yı Seyri: İlahi Teselli Kitabı&#x27;ndan,Mistik Teoloji,150
richard-of-st-victor-benjamin-minor-preparation-of-the-soul-for-contemplation,Ruhun Temaşaya Hazırlanışı Üzerine (Benjamin Minor),Mistik Teoloji,126
hildegard-scivias-erdemlerin-oyunu-ruhun-yakarisi,Ruhun Yakarışı: Erdemler ve Tanrı Bilgisi Karşısında,Mistik Teoloji,132
hugo-victor-ruhun-yaraticiyi-temasa-bilgisi,Ruhun Yaratıcıyı Temaşa Yoluyla Bilişi,Mistik Teoloji,120
tauler-ruhun-zemini-eternal-birth-ground-of-the-soul,Ruhun Zemini: Ebedî Doğuşun Sessiz Merkezi,Mistik Teoloji,128
gazali-saadet-kimyasi-nefs-bilgisi,Saadet Kimyası: Nefsini Bilen Rabbini Bilir,Mistik Teoloji,110
hildegard-scivias-yasayan-isik-yollari-bil,Scivias: Yolları Bil ve Yaşayan Işığın Görüleri,Mistik Teoloji,160
gichtel-theosophia-practica-ilk-mektup-durup-savasmak,Sebat ve Savaş: Ruhun İçindeki Gömülü İnci,Mistik Teoloji,2985
itirafci-maksimos-sevgi-uzerine-bolumler-birinci-yuz,Sevgi Üzerine Yüz Bölüm: İlk Yüzlük,Mistik Teoloji,135
iskenderiyeli-klemens-stromateis-hakiki-marifet,Stromateis: Hakiki Marifet,Mistik Teoloji,224
soz-un-bedenlenmesi-uzerine-tanrilasma-athanasios,Söz&#x27;ün Bedenlenmesi Üzerine: Ölümsüzlük Giysisi,Mistik Teoloji,149
bayezid-bistami-subhani-shathiyat-kitab-al-luma,Sübhânî: Bâyezîd-i Bistâmî&#x27;nin Şathiyyâtı ve Onları Savunması,Mistik Teoloji,170
ninovali-ishak-sukunet-uzerine-mektup,Sükûnet Üzerine: Mar Anoş&#x27;a Mektup,Mistik Teoloji,107
nizami-sirlar-hazinesi-tevhid-ve-marifet-niyazi,Sırlar Hazinesi: Tevhit ve Marifet Niyazı,Mistik Teoloji,113
tanri-eri-mistik-teoloji-sems-i-tebrizi-divani,Tanrı Eri: Şarapsız Sarhoş Olan,Mistik Teoloji,117
narsai-tanri-kelamesinin-inisi-ve-tek-ogul,Tanrı Kelâmının İnişi ve Tek Oğul,Mistik Teoloji,139
ibn-arabi-tanri-ve-insan-mistik-teoloji,Tanrı ve İnsan: Kudret Sahibine Giden Yolun Kalbi,Mistik Teoloji,3083
samli-yuhanna-tanri-idrak-edilemez-ortodoks-iman,Tanrı İdrak Edilemezdir: Ortodoks İmanın Kesin Açıklaması,Mistik Teoloji,224
sebastian-franck-paradoxa-tanriyi-tanriyla-bilmek,Tanrı&#x27;yı Ancak Tanrı&#x27;yla Bilmek,Mistik Teoloji,215
de-visione-dei-tanrinin-gorusu-cusa,Tanrının Görüşü (De Visione Dei),Mistik Teoloji,202
bernard-clairvaux-speculum-honestate-vitae-tanri-tefekkuru,Tanrının Tefekkürü Üzerine,Mistik Teoloji,8917
mechthild-magdeburg-akan-isik-tanrisal-dil,Tanrısallığın Akan Işığı: Tanrısal Dilin Sözü,Mistik Teoloji,148
kashf-al-mahjub-tasavvufun-hakiki-manasi-mistik-teoloji,Tasavvufun Hakiki Manası: Kalbin Saflığı Üzerine,Mistik Teoloji,173
al-hallaj-tavasin-birlik-ana-al-haqq,Tavasin: Birliğin Birliği ve Benliğin Yok Oluşu,Mistik Teoloji,186
avilali-teresa-tefekkur-ilahi-birlesme,Tefekkür ve İlahi Birleşme,Mistik Teoloji,124
dionysios-areopagit-ilahi-isimler-tefekkur-merdiveni,Tefekkürün Merdiveni: İlahi İsimler ve Bilinmeyene Yükseliş,Mistik Teoloji,143
nizami-makhzan-al-asrar-tevhid-munacati,Tevhid ve Yakarış: Bir Sûfî Münâcâtı,Mistik Teoloji,119
merdivenli-yuhanna-tutkusuzluk-kalbin-huzuru,Tutkusuzluğun Sınavı: Mektupları Okumama Kararı,Mistik Teoloji,203
meister-eckhart-uzletli-birlik-abgeschiedenheit,Uzletli Birlik: Tanrısallıkta Erimenin Yolu,Mistik Teoloji,121
shabistari-gulsen-i-raz-varligin-aynasi,Varlığın Aynası: Gülşen-i Râz&#x27;dan Bir Pasaj,Mistik Teoloji,118
porete-yalin-ruhlarin-aynasi-iradesiz-ruh,Yalın Ruhların Aynası: İradesiz Ruhun Huzuru,Mistik Teoloji,135
human-perdesi-ve-ilahi-esrar-hujwiri,Yaratılmışların Perdesi Ardındaki İlahi Esrar,Mistik Teoloji,133
attar-ilahi-nama-yedi-gogun-yaraticisi,Yedi Göğün Yaratıcısının Adıyla,Mistik Teoloji,125
klemens-yunanlilara-ogut-soz-yeni-ezgi,Yeni Ezgi: Başlangıçtan Önce Var Olan Söz,Mistik Teoloji,91
hujwiri-kashf-al-mahjub-yoksulluk-ve-zenginlik,Yoksulluk ile Zenginlik Üzerine,Mistik Teoloji,156
qushayri-risala-sufi-doctrine-decay-of-the-path,Yolun Bozuluşu ve Bir Risalenin Doğuşu: Sûfîlerin İtikadı Üzerine,Mistik Teoloji,13091
jami-yusuf-zeliha-ezeli-guzellik,Yusuf ve Zeliha: Ezelî Güzellik Üzerine,Mistik Teoloji,162
jami-yusuf-zuleyha-ilahi-yakaris-mistik-teoloji,Yûsuf ve Züleyha: İlahî Yakarış,Mistik Teoloji,148
llull-asik-ile-masuk-kitabi-baslangic,Âşık ile Mâşûk Kitabı: Başlangıç,Mistik Teoloji,138
mabbuglu-filoksenos-ogrenciye-ogut-gorunen-gecici,"Öğrenciye Öğüt: Görünen Geçicidir, Görünmeyen Ebedidir",Mistik Teoloji,10213
arafa-dair-risale-ilahi-askin-atesi-ruhun-aritilmasi,İlahi Aşkın Ateşi: Ruhun Sevgili&#x27;ye Doğru Arınışı,Mistik Teoloji,142
yeni-ilahiyatci-simeon-ilahi-isik-goruntusu-soylev,İlahi Işığın Görüntüsü Üzerine Söylev,Mistik Teoloji,191
ilahi-karanlik-musanin-cikisi-gnophos,İlahi Karanlık: Musa&#x27;nın Bilinmezliğin Sisine Çıkışı,Mistik Teoloji,155
saadi-bustan-ilahi-rizik-ve-hikmet,İlahi Rızık ve Gizli İnayet,Mistik Teoloji,540
gertrude-helfta-herald-divine-love-mystical-theology,İlahi Sevginin Habercisi: Ruhun Övgüsü,Mistik Teoloji,149
sienali-catherine-ilahi-takdir-diyalogu,İlahi Takdir Diyaloğu,Mistik Teoloji,143
dionysios-ilahi-isimler-tanrisal-birlesme,İlahi İsimler: Tanrısallıkla Birleşme Üzerine,Mistik Teoloji,185
origenes-ilkeler-uzerine-ruhlarin-on-varligi,İlkeler Üzerine: Ruhların Ön-Varlığı ve İradenin Özgürlüğü,Mistik Teoloji,126
gazali-dalaletten-kurtulus-ilahi-isik,İlâhî Işık: Kalbe İnen Kurtuluş,Mistik Teoloji,131
attar-ilahi-nama-munacatvari-yakaris-ilk-son,İlâhî-Nâme: Münâcâtvârî Yakarış (Evvel ve Âhir Olan Sana),Mistik Teoloji,112
eckhart-tanri-etkin-akil-yerine-gecince,İnsan Sükûnete Erdiğinde: Tanrı Etkin Aklın Yerine Geçince,Mistik Teoloji,199
ibn-arabi-insan-i-kamil-muhrun-nakisi,İnsan-ı Kâmil: Mührün Nakışı ve Âlemin Bekçisi,Mistik Teoloji,128
saint-martin-insandan-bagimsiz-hakikatler,İnsandan Bağımsız Hakikatler,Mistik Teoloji,160
richard-rolle-iisa-adinin-atesi,İsa Adının Ateşi,Mistik Teoloji,147
isanin-taklidi-kempis-tevazu-ve-dunyanin-batiligi,İsa&#x27;nın Taklidi: Tevazu ve Dünyanın Batıllığı Üzerine,Mistik Teoloji,112
augustinus-itiraflar-ostia-goruntusu-tanriya-yukselis,İtiraflar: Ostia Görüntüsü,Mistik Teoloji,117
manevi-rehber-quietizm-icsel-sukunet-yolu,İçsel Sükûnetin Yolu: Sessizlikte İşiten Ruh,Mistik Teoloji,137
ibn-al-farid-sarap-kasidesi-mistik-teoloji,Şarap Kasidesi: İbnü&#x27;l-Fârız ve Aşkın İlahi Sarhoşluğu,Mistik Teoloji,162
hafiz-divan-sirazli-guzel-gazeli,Şirazlı Güzel Gazeli,Mistik Teoloji,117
virgil-aeneis-vi-yeralti-inisi,Aeneis VI: Yeraltına İniş,Mit ve Kutsal Anlatı,110
afrodite-homerik-ilahi-ida-daginda-arzu,Afrodit&#x27;e Homerik İlahi: İda Dağında Arzu,Mit ve Kutsal Anlatı,775
hesiodos-isler-ve-gunler-altin-soy,Altın Soy: İnsanlığın İlk Çağı,Mit ve Kutsal Anlatı,139
apollona-homerik-ilahi-delos-dogum,Apollon&#x27;a Homerik İlahi: Delos&#x27;ta Doğum ve Pytho&#x27;nun Kuruluşu,Mit ve Kutsal Anlatı,866
apollonios-argonautika-altin-post-yolculugu,Argonautika: Altın Post Uğruna Yolculuğun Başlangıcı,Mit ve Kutsal Anlatı,96
cooke-atalar-druid-dini-acik-hava-tapinaklari,Atalar Dini: Açık Hava Tapınakları ve Kutsal Korular,Mit ve Kutsal Anlatı,126
atona-buyuk-ilahi-akhenaton-gunes-diski,Aton&#x27;a Büyük İlahi,Mit ve Kutsal Anlatı,127
strabon-cografya-kutsal-yerler-kehanet-ammon,Coğrafya: Kutsal Yerler ve Kehanetin Sönüşü,Mit ve Kutsal Anlatı,129
heliodoros-aethiopica-delphoi-kutsal-sehir,Delphoi&#x27;ye Varış: Apollon&#x27;a Adanmış Şehir,Mit ve Kutsal Anlatı,123
homeros-demeter-ilahisi-persephone-kaciriliyor,Demeter&#x27;e İlahi: Kızın Kaçırılışı,Mit ve Kutsal Anlatı,152
nonnos-dionysiaka-zagreus-parcalanma-ve-yeniden-dogus,Dionysiaka: Zagreus&#x27;un Parçalanışı ve Yeniden Doğuşu,Mit ve Kutsal Anlatı,130
fulgentius-dokuz-ilham-perisi-bilginin-basamaklari,Dokuz İlham Perisi: Bilginin Basamakları,Mit ve Kutsal Anlatı,165
hyginus-fabulae-nessos-ve-kentauroslar,Efsaneler: Kentauroslar ve Nessos,Mit ve Kutsal Anlatı,173
gilgamis-enkidunun-insanlasmasi,Enkidu&#x27;nun İnsanlaşması,Mit ve Kutsal Anlatı,96
enuma-elis-goklerin-adsizligi,Enuma Eliş: Göklerin Henüz Adsız Olduğu Zaman,Mit ve Kutsal Anlatı,115
nonnus-dionysiaca-europa-boga-uzerinde-agit,Europa&#x27;nın Boğa Üzerindeki Ağıdı,Mit ve Kutsal Anlatı,113
ovid-fasti-ianus-khaos-esigin-tanrisi,Fasti: Ianus&#x27;un Zuhuru ve Eşiğin Tanrısı,Mit ve Kutsal Anlatı,158
orpheus-hymn-to-night-taylor-1787,Geceye İlahi,Mit ve Kutsal Anlatı,117
gilgamis-destani-tufan-ve-olumsuzluk,Gilgamış Destanı: Tufan ve Ölümsüzlük,Mit ve Kutsal Anlatı,618
cartari-antik-tanrilarin-suretleri-onikili-meclis,Göksel Meclisin On İki Tanrısı,Mit ve Kutsal Anlatı,146
hermese-ilahi-tanrinin-dogusu,Hermes&#x27;e İlahi: Bir Tanrının Doğuşu,Mit ve Kutsal Anlatı,153
musaios-hero-ile-leandros-kandili,Hero ile Leandros: Gizli Sevdaların Kandili,Mit ve Kutsal Anlatı,147
havamal-yuce-olanin-sozleri-sigir-olur-akraba-olur,Hávamál: Yüce Olan&#x27;ın Sözleri,Mit ve Kutsal Anlatı,108
bryant-kadim-mitolojinin-yeni-sistemi,Kadim Mitolojinin Yeni Sistemi,Mit ve Kutsal Anlatı,182
kalevala-vainamoinen-dunya-yumurtasi,Kalevala: Väinämöinen ve Dünya Yumurtası,Mit ve Kutsal Anlatı,164
ovid-metamorphoses-kaosun-cozulusu,Kaosun Çözülüşü: Dünyanın Doğuşu,Mit ve Kutsal Anlatı,180
eleusis-kucuk-esrar-ruhun-olumu-taylor,Küçük Esrarlar ve Ruhun Ölümü,Mit ve Kutsal Anlatı,2549
mabinogion-pwyll-arawn-annwn-karsilasmasi,Mabinogion: Pwyll ile Annwn Kralı Arawn&#x27;ın Karşılaşması,Mit ve Kutsal Anlatı,120
metamorfozlar-pisagorun-soylevi-ruhlarin-gocu,Metamorfozlar: Pisagor&#x27;un Söylevi,Mit ve Kutsal Anlatı,138
diodoros-misir-tanrilari-osiris-isis-gunes-ve-ay,Mısır Tanrıları: Osiris ve İsis,Mit ve Kutsal Anlatı,115
herodotos-misir-dini-tanrilar,Mısır&#x27;ın Tanrıları ve Tapınma Adetleri,Mit ve Kutsal Anlatı,102
diodoros-misir-tanrilari-osiris-isis,Mısır&#x27;ın İlk Tanrıları: Güneş ile Ay,Mit ve Kutsal Anlatı,131
snorri-nesir-edda-yggdrasil-dunya-agaci,Nesir Edda: Dünya Ağacı Yggdrasil ve Mímir&#x27;in Kuyusu,Mit ve Kutsal Anlatı,150
berossos-babyloniaka-oannes-balik-bilge-tufan-oncesi,Oannes: Sulardan Yükselen Balık Bilge,Mit ve Kutsal Anlatı,131
saxo-odin-altin-suret-ve-sahte-tanrilik,Odin&#x27;in Altın Sureti ve Sahte Tanrılığı,Mit ve Kutsal Anlatı,226
odysseia-xi-olulerin-cagrilmasi-nekyia,Odysseia XI: Ölülerin Çağrılması,Mit ve Kutsal Anlatı,146
berossos-babyloniaka-omoroka-belos-yaratilis,Omoroka&#x27;nın İkiye Bölünüşü: Belos ve Dünyanın Yaratılışı,Mit ve Kutsal Anlatı,173
orfik-argonautika-erginlenme-gizemleri,Orfik Argonautika: Erginlenmenin Şarkısı,Mit ve Kutsal Anlatı,119
orfik-ilahiler-protogonos-phanes-ilk-dogan-isik,"Orfik İlahiler: Protogonos, İlk Doğan ve Yumurtadan Çıkan Işık",Mit ve Kutsal Anlatı,150
plutarkhos-isis-ve-osiris-osirisin-sandiga-kapatilmasi,Osiris&#x27;in Sandığa Kapatılması,Mit ve Kutsal Anlatı,167
firmicus-maternus-osiris-gizemleri-ve-yillik-agit,Pagan Dinlerin Yanılgısı Üzerine,Mit ve Kutsal Anlatı,3281
apollodorus-peleus-thetis-evliligi,Peleus ile Thetis&#x27;in Evliliği,Mit ve Kutsal Anlatı,139
kallimakhos-ilahiler-peneios-leto,Peneios ile Leto: Bir Irmağın Cesareti,Mit ve Kutsal Anlatı,134
piramit-metinleri-kralin-goge-yukselisi,Piramit Metinleri: Kralın Göğe Yükselişi,Mit ve Kutsal Anlatı,116
claudianus-proserpina-nin-kacirilisi-onsoz-ilk-denizci,Proserpina&#x27;nın Kaçırılışı: İlk Denizcinin Cesareti ve Yeraltına İnen Şarkı,Mit ve Kutsal Anlatı,119
prudentius-psychomachia-ruhun-savasi,Psychomachia: Ruhun Savaşı,Mit ve Kutsal Anlatı,129
barddas-ruhun-abred-yolculugu-morganwg,Ruhun Abred Çemberindeki Yolculuğu,Mit ve Kutsal Anlatı,1231
sanchoniatho-fenike-kozmogonisi,Sanchoniatho: Fenike Kozmogonisi,Mit ve Kutsal Anlatı,92
sanchuniathon-fenike-kozmogonisi-karanlik-kaos,Sanchuniathon: Fenike Kozmogonisi ve Karanlık Kaosun Doğuşu,Mit ve Kutsal Anlatı,140
macrobius-saturnalia-butun-tanrilar-gunestir,Saturnalia: Bütün Tanrılar Güneştir,Mit ve Kutsal Anlatı,126
macrobius-saturnalia-gunes-teolojisi,Saturnalia: Güneş Teolojisi,Mit ve Kutsal Anlatı,171
sibylla-kehanetleri-uluslarin-yargisi,Sibylla Kehanetleri: Uluslara Sesleniş ve Yüce Tanrı&#x27;nın Yargısı,Mit ve Kutsal Anlatı,119
orfeus-ilahileri-tabiata-ilahi-tutsu-taylor,Tabiat&#x27;a İlahi: Orfeus İlahilerinden Kokulu Tütsü Duası,Mit ve Kutsal Anlatı,155
stukeley-stonehenge-tanrilarin-sanli-mabedi,Tanrıların Şanlı Mabedi: Stonehenge&#x27;e Yaklaşırken,Mit ve Kutsal Anlatı,135
statius-thebais-yedilerin-thebai-yuruyusu,Thebais: Savaş Çağırıyor Beni,Mit ve Kutsal Anlatı,186
hesiodos-theogonia-khaos-yaradilis,Theogonia: Khaos ve İlk Tanrıların Doğuşu,Mit ve Kutsal Anlatı,105
hesiodos-theogonia-tanrilarin-dogusu-khaos-ve-ilksel-tanrilar,Theogonia: Khaos&#x27;tan Doğan Tanrılar ve İlksel Yaradılış,Mit ve Kutsal Anlatı,132
voluspa-kahinenin-kehaneti,Völuspá: Kâhinenin Kehaneti,Mit ve Kutsal Anlatı,144
aelian-hayvanlarin-dogasi-uzerine-yaratiklarin-mucizevi-tabiati,Yaratıkların Mucizevi Tabiatı Üzerine,Mit ve Kutsal Anlatı,249
nesir-edda-gylfaginning-yggdrasil-dunya-disbudagi,Yggdrasil: Dünya Dişbudağı ve Üç Kökü,Mit ve Kutsal Anlatı,163
pausanias-yunanistan-tasviri-eleusis-gizemleri,Yunanistan&#x27;ın Tasviri: Eleusis Gizemleri ve Demeter Tapınağı,Mit ve Kutsal Anlatı,130
kleanthes-zeusa-ilahi-evrensel-akil,Zeus&#x27;a İlahi: Evrensel Aklın Yasası,Mit ve Kutsal Anlatı,178
olulerin-kitabi-maati-salonu-yargilanma,Ölülerin Kitabı: Maāti Salonuna Giriş ve İnkâr İtirafı,Mit ve Kutsal Anlatı,96
pindaros-ikinci-olympia-kutlular-adasi-ruhun-olumsuzlugu,İkinci Olympia Kasidesi: Ruhun Ölümsüzlüğü ve Kutlular Adası,Mit ve Kutsal Anlatı,132
inananin-yuceltilmesi-enheduanna-rahibenin-agidi,İnanna&#x27;nın Yüceltilmesi: Rahibenin Kutsal İlahisi ve Ağıdı,Mit ve Kutsal Anlatı,107
apuleius-golden-ass-isis-epiphany-book-eleven,İsis&#x27;in Zuhuru: Bin Adlı Tanrıça Lucius&#x27;a Sesleniyor,Mit ve Kutsal Anlatı,163
hesiodos-isler-ve-gunler-altin-soy-ve-adalet,İşler ve Günler: Altın Soy ve Adaletin Kutsal Yasası,Mit ve Kutsal Anlatı,1622
istar-in-yeralti-inisi-donusun-mitosu,İştar&#x27;ın Yeraltına İnişi: Dönmeyenler Ülkesinden Çağrı,Mit ve Kutsal Anlatı,96
ficino-plotinos-serhi-akil-ve-ruhun-kendini-bilmesi,Aklın Kendini Temaşası ve Ruhun Yükselişi,Neoplatonizm,179
kahramanca-cosinlar-akil-ruhu-yukselten-ilahi-ask,Aklın Ruhu Yücelttiği Yer: Kahramanca Coşkunun İlahi Yükselişi,Neoplatonizm,128
hierocles-altin-diziler-serhi,Altın Dizeler Neden Altındır,Neoplatonizm,141
simplikios-kategoriler-serhi-neoplatonik-aristoteles-okumasi,Aristoteles Felsefesinin Gayesi ve Neoplatonik Okunuşu,Neoplatonizm,123
empedokles-aritmalar-surgun-daimon,Arınmalar: Sürgün Ruh,Neoplatonizm,160
leone-ebreo-ask-diyaloglari-birlestirici-bilgi,Aşk Diyalogları: Birleştirici Bilgi ve Aşkın Gerçek Ereği,Neoplatonizm,165
ficino-sevgi-uzerine,Aşk Üzerine,Neoplatonizm,130
julian-galileleere-karsi-ulusal-tanrilar,"Baba, Ortak Kral: Julian ve Ulusların Tanrıları",Neoplatonizm,132
syrianus-metafizik-serhi-bir-ve-dyad,Bir ile Sınırsız Dyad: Aynılık ve Başkalığın Kaynağı,Neoplatonizm,122
proklos-teolojinin-ogeleri-bir-ve-sudur,Bir&#x27;den Taşan Her Şey: Proklos ve Sudûrun Metafiziği,Neoplatonizm,165
proklos-birinci-alkibiades-serhi-kendini-bil,Birinci Alkibiades Şerhi: Kendini Bil,Neoplatonizm,4639
apameali-numenios-birinci-tanri-parcalari-neoplatonizm,Birinci Tanrı ile Yaratıcı Üzerine: İyi Üstüne Risaleden Parçalar,Neoplatonizm,127
proklos-parmenides-serhi-acilis-duasi,Bütün Tanrılara ve Tanrıçalara Dua,Neoplatonizm,166
psellos-cinlerin-ruha-sessiz-fisiltisi,Cinlerin Ruha Sessiz Fısıltısı,Neoplatonizm,151
psellos-cinlerin-isleyisi-uzerine-neoplatonik-daimon-ogretisi,Cinlerin İşleyişi Üzerine: Meleksel ve Cinnî Bedenlerin Doğası,Neoplatonizm,132
damascius-photius-paradoksal-anlatilar,Damaskios ve Paradoksal Anlatılar Üzerine,Neoplatonizm,99
plutarch-delphi-e-uzerine-sen-varsin,Delphi&#x27;deki E Üzerine: &quot;Sen Varsın&quot;,Neoplatonizm,178
proclus-timaios-serhi-demiurgos-cemberi,Demiurgos Çemberi: İlerleyiş ve Dönüş,Neoplatonizm,49031
proklos-fizigin-ogeleri-devinim-ilk-devindiren,Devinimsiz ile Kendi Kendini Devindiren İlke Üzerine,Neoplatonizm,130
proclus-devlet-serhi-er-efsanesi-hades-ruhlarin-yolculugu,Devlet Şerhi: Er Efsanesi,Neoplatonizm,133
plotinos-doga-temasa-ve-bir-olan,"Doğa, Temaşa ve Bir Olan Üzerine",Neoplatonizm,119
eriugena-doganin-bolunmesi-dort-tur,Doğanın Bölünmesi: Dört Tür Üzerine,Neoplatonizm,161
simplikios-fizik-serhi-dogadan-ilahi-oze,Doğanın İncelenmesinden İlâhî Öze: Simplikios&#x27;un Fizik Şerhi,Neoplatonizm,115
ammonios-yorum-uzerine-serh-dogruluk-ve-yanlislik,Doğruluk ile Yanlışlık Yalnızca Bileşiklerde Bulunur,Neoplatonizm,166
philoponos-dunyanin-ebedigi-uzerine-proclus-sonlu-guc,Dünyanın Ebediliği Üzerine: Sonlu Cismin Sonsuz Gücü Yoktur,Neoplatonizm,126
philoponos-proklosa-karsi-dunyanin-ebediligi-zamansiz-yaratma,Dünyanın Ebediliğine Karşı: Tanrı Her Şeyi Zamansız Yaratır,Neoplatonizm,155
philon-dunyanin-yaratilisi-uzerine,Dünyanın Yaratılışı Üzerine,Neoplatonizm,163
plotinos-enneadlar-ebediyet-ve-zaman,Ebediyet ve Zaman Üzerine,Neoplatonizm,110
plotinus-enneadlar,Enneadlar,Neoplatonizm,209
plotinos-enneadlar-ruha-dair-guclukler-bellek,Enneadlar IV.3: Ruha Dair Güçlükler ve Belleğin Yeri,Neoplatonizm,118
plotinos-enneadlar-uc-hipostaz-bir-akil-ruh,"Enneadlar: Üç Ana Hipostaz (Bir, Akıl, Ruh)",Neoplatonizm,4346
farabi-erdemli-sehir-beden-benzetmesi,Erdemli Şehir ile Sağlıklı Bedenin Benzeşmesi,Neoplatonizm,104
ibn-rushd-tutarsizligin-tutarsizligi-ezeli-ilke,Ezelî İlkenin Fiili: Tutarsızlığın Tutarsızlığı&#x27;ndan,Neoplatonizm,124
ibn-rusd-faslul-makal-felsefe-ile-din,Faslü&#x27;l-Makāl: Felsefe ile Din Arasındaki Bağ,Neoplatonizm,127
boethius-felsefenin-tesellisi-neoplatonik-kozmik-yakaris,Felsefenin Tesellisi: Bir Zamanlar Söylediğim Ezgiler,Neoplatonizm,154
iamblikhos-felsefeye-cagri-ruhu-bilgiyle-donatmak,Felsefeye Çağrı: Ruhu Bilgiyle Donatmak,Neoplatonizm,129
iamblichus-felsefeye-cagri-ruhun-yukselisi,Felsefeye Çağrı: Ruhun İlahi Öze Yükselişi,Neoplatonizm,135
gazali-filozoflarin-tutarsizligi-feyz,Filozofların Tutarsızlığı: Feyz ve İlk Sebep,Neoplatonizm,158
cusa-gercek-bilgelik,Gerçek Bilgelik Üzerine,Neoplatonizm,194
plotinos-gnostiklere-karsi-evren-ruhu,Gnostiklere Karşı: Evrenin Ruhu Üzerine,Neoplatonizm,119
pseudo-dionysius-goksel-hiyerarsi-kerubim-tahtlar,Göksel Hiyerarşi: Kerubim ve Tahtların Adları,Neoplatonizm,141
proklos-gunese-ilahi-neoplatonik-helios,Güneş&#x27;e İlahi,Neoplatonizm,117
plotinos-guzellik-uzerine-enneadlar-i-6,Güzellik Üzerine,Neoplatonizm,112
hakiki-akli-sistem-plastik-tabiat,Hakiki Aklî Sistem: Plastik Tabiat Üzerine,Neoplatonizm,164
ibn-cebirol-hayat-pinari-tumel-madde-ve-suret,Hayat Pınarı: Tümel Madde ve Tümel Suret Bilimi,Neoplatonizm,156
ibn-gabirol-hayat-cesmesi-irade,Hayat Çeşmesi: İlâhî İradenin Suret ve Maddeye Dökülüşü,Neoplatonizm,165
ibn-sina-hayy-ibn-yakzan-ruhun-ilahi-tasmasi,Hayy bin Yakzan: Ruhun İlahi Taşması,Neoplatonizm,125
iamblichus-de-mysteriis-tanri-isigi,Her Tanrının Işığı: Iamblikhos ve İlahi Varlığın Bölünmezliği,Neoplatonizm,1268
suhreverdi-isik-tapinaklari-nurlarin-nuru,Işık Tapınakları: Nurların Nuru ve Ruhun Aynası,Neoplatonizm,3565
patrizi-yeni-evren-felsefesi-isigin-tasmasi,Işığın Taşması: Baba Derinliğinden Doğan Nur,Neoplatonizm,168
eriugena-periphyseon-ziddin-birligi-neoplatonizm,Karşıtların Birliği: Bilinmeyerek Bilinen Tanrı,Neoplatonizm,158
plotinos-enneadlar-v8-kavranilir-guzellik-tanrilar-akil,Kavranılır Güzellik: Tanrılar ve Akıl,Neoplatonizm,208
porphyrios-kavranilirlara-giris-cisimsiz-tozler,Kavranılırların İdrakine Yardımcılar,Neoplatonizm,156
plotinos-enneadlar-guzellik-uzerine-kendi-heykelini-yont,Kendi Heykelini Yontmak: Güzelliğe Doğru İçe Çekiliş,Neoplatonizm,159
philon-keruvlar-uzerine-ruhun-tanriya-yakinligi,Keruvlar ve Alevli Kılıç: Ruhun Tanrı&#x27;ya Yakınlaşması,Neoplatonizm,135
julian-hymn-to-king-helios-three-suns,Kral Helios&#x27;a İlahi,Neoplatonizm,157
proklos-kratylos-serhi-tanrilarin-adlari,Kratylos Şerhi: Tanrıların Adları,Neoplatonizm,152
herakleitos-logos-ve-ebedi-ates,Logos ve Ateş: Herakleitos&#x27;un Parçaları,Neoplatonizm,131
porphyrios-marcella-tanrilara-yukselis,Marcella&#x27;ya Mektup: Tanrılara Yükseliş,Neoplatonizm,115
syrianus-metafizik-serhi-formlar-ve-sayilar,Metafizik Şerhi: Formlar ve Sayılar,Neoplatonizm,93
bovelles-geometrie-practique-insan-mikrokozmos,Mikrokozmos Olarak İnsan: Bilgenin Ölçüsü,Neoplatonizm,190
iamblichus-misterler,Mısırlıların Gizemleri Üzerine,Neoplatonizm,273
porphyrios-nymphelerin-magarasi-uzerine,Nymphelerin Mağarası Üzerine,Neoplatonizm,137
suhreverdi-israk-hikmeti-ruhun-nuru,Nûrun Mertebeleri: Ruhun İlâhî Emirden Taşması,Neoplatonizm,85
olympiodoros-phaidon-serhi-ruhun-aritilmasi,"Olympiodoros, Phaidon Şerhi: Ruhun Arındırılması",Neoplatonizm,126
iamblichus-pythagoras-ortak-yasam-koinobion,Ortak Yaşam: Pythagorasçıların Mülkiyet Birliği,Neoplatonizm,47188
proklos-parmenides-serhi-bir-ve-henadlar,Parmenides Şerhi: Bir ve Tanrısal Birlikler,Neoplatonizm,103
llull-ars-magna-parcalardan-butune,Parçalardan Bütüne: Aklın Düzenli Yükselişi,Neoplatonizm,132
hermeias-phaidros-serhi-ilahi-cilginlik,Phaidros Şerhi: İlahi Çılgınlık,Neoplatonizm,130
pisagorun-altin-dizeleri-hierokles-serhi-ruhun-aritilmasi,Pisagor&#x27;un Altın Dizeleri Üzerine Hierokles Şerhi: Ruhun Arıtılması,Neoplatonizm,133
iamblikhos-pisagorun-hayati-ruh-gocu,Pisagor&#x27;un Hayatı: Ruhun Önceki Yaşamları,Neoplatonizm,93
maximos-tyrius-tanri-nedir-platon,Platon&#x27;a Göre Tanrı Nedir,Neoplatonizm,126
ficino-platonik-teoloji,Platonik Teoloji,Neoplatonizm,162
porphyry-pythagoras-yasami,"Porphyrios, Pythagoras&#x27;ın Yaşamı: Ruhun Ölümsüzlüğü ve Kardeşliğin Doğuşu",Neoplatonizm,175
proklos-un-hayati-erdem-basamaklari-ve-platon-ardilligi,Proklos&#x27;un Hayatı: Erdem Basamakları ve Platon&#x27;un Ardıllığı,Neoplatonizm,152
proklos-platoncu-teoloji-henadlar-ve-tanrilarin-sudur-edisi,"Proklos, Platoncu Teoloji: Henadlar ve Tanrıların Bir&#x27;den Suduru",Neoplatonizm,184
ibn-sina-ruh-uzerine-compendium-de-anima,Ruh Üzerine: Aklın İlahî Olanla Birleşmesi,Neoplatonizm,108
plotinos-ruhun-bedene-inisi-enneadlar-iv-8,Ruhun Bedene İnişi Üzerine,Neoplatonizm,144
miskeveyh-nefsin-cisim-olmayisi,Ruhun Cisim Olmayışı Üzerine,Neoplatonizm,190
iamblikhos-misirlilarin-sirlari-ruhun-tanrilarla-birligi,Ruhun Tanrılarla Birliği: Mısırlıların Sırları Üzerine,Neoplatonizm,4161
porphyrios-hayvanlardan-sakinma-ruhun-yurduna-donusu,Ruhun Yurduna Dönüşü,Neoplatonizm,38555
ruhun-olumsuzlugu-ve-bedenler-arasi-yolculuk,Ruhun Ölümsüzlüğü ve Bedenler Arası Yolculuk,Neoplatonizm,135
ficino-platonik-teoloji-ruhun-olumsuzlugu,Ruhun Ölümsüzlüğü Üzerine Platonik Teoloji,Neoplatonizm,147
henry-more-ruhun-olumsuzlugu-ebedi-hayata-yukselis,Ruhun Ölümsüzlüğü: Erdemde Sebat ve Ebedî Hayata Yükseliş,Neoplatonizm,179
synesius-concerning-dreams-inner-oracle,Rüyalar Üzerine: İçimizdeki Kahin,Neoplatonizm,143
simplikios-epiktetos-elkitabi-serhi-bir-ve-iyi,Simplikios&#x27;un Epiktetos El Kitabı Şerhi: Bir ve İyi Üzerine,Neoplatonizm,112
apuleius-sokratesin-tanrisi-araci-daimonlar,Sokrates&#x27;in Tanrısı Üzerine: Yer ile Gök Arasındaki Aracılar,Neoplatonizm,142
apuleius-sokratesin-daimonu-koruyucu-cin,Sokrates&#x27;in Tanrısı: Herkese Ayrılmış Koruyucu Daimon,Neoplatonizm,151
parmenides-tabiat-uzerine-hakikat-yolu,Tabiat Üzerine: Hakikat Yolu,Neoplatonizm,1015
synesios-takdir-uzerine-misir-masali,Takdir Üzerine: Bir Mısır Masalı,Neoplatonizm,130
plotinos-enneadlar-takdir-uzerine-birinci-kitap,Takdir Üzerine: Kâinat Rastlantının Değil Aklın Eseridir,Neoplatonizm,114
seneca-takdir-uzerine-iyilere-neden-kotuluk-gelir,Takdir Üzerine: İyilere Neden Kötülük Gelir,Neoplatonizm,166
hierokles-takdir-kader-ozgur-irade-uzerine,"Takdir, Kader ve Ruhun Özgür Seçimi Üzerine",Neoplatonizm,121
boethius-felsefenin-tesellisi-talih-carki,Talihin Çarkı: Boethius ve Felsefenin Tesellisi,Neoplatonizm,146
sallustius-tanrilar-ve-dunya-uzerine-fabllarin-hikmeti,Tanrılar ve Dünya Üzerine: Fabllar Neden Kullanılır,Neoplatonizm,168
julianus-tanrilarin-anasina-ilahi,Tanrıların Anasına Söylev,Neoplatonizm,83
conway-tanrinin-iyilik-pinari-ve-sudurun-tasmasi,Tanrının İyilik Pınarı ve Sudurun Taşması,Neoplatonizm,162
proklos-timaios-serhi-evren-ruhu-neoplatonizm,Proklos'un Timaios Şerhi: Evren Ruhu,Neoplatonizm,177
calcidius-timaios-serhi-evren-ruhu,Kalkidios'un Timaios Şerhi: Evren Ruhu,Neoplatonizm,149
kyreneli-synesios-ilahi-uc,Uyan Ey Ruhum: Kyreneli Synesios&#x27;un Üçüncü İlahisi,Neoplatonizm,116
avicenna-ucan-adam-ve-ruh,Uçan Adam ve Ruh,Neoplatonizm,11283
ibn-bacce-yalnizin-yonetimi-tedbir-el-mutevahhid,Yalnızın Yönetimi: Bilgeliğin Hazineleri Açılmadan,Neoplatonizm,110
ammonios-yorum-uzerine-serh-akil-ruhu,Yorum Üzerine Şerh: Akıl Ruhu ve Sözün Aletleri,Neoplatonizm,150
nasir-husrev-yuce-akil-arayisi-neoplatonizm,Yüce Aklın İzinde: Nâsır Hüsrev&#x27;in Bilgelik Arayışı,Neoplatonizm,119
bonaventura-zihnin-tanriya-yolculugu-yukselis-merdiveni-neoplatonizm,Zihnin Tanrı&#x27;ya Yolculuğu: Yükseliş Merdiveni,Neoplatonizm,143
ibn-tufeyl-hayy-bin-yakzan-zorunlu-varliga-taniklik,Zorunlu Varlığa Kesintisiz Tanıklık,Neoplatonizm,139
eunapius-iamblikhos-gadara-pinarlari,İamblikhos ve Gadara&#x27;nın Pınarları,Neoplatonizm,179
john-smith-secme-soylevler-ilahi-bilgi,İlahi Bilgiye Ulaşmanın Gerçek Yolu,Neoplatonizm,175
ficino-de-amore-ilahi-guzellik-isini-neoplatonizm,İlahi Güzellik Her Yerde Parıldar ve Her Şeyde Sevilir,Neoplatonizm,144
hermias-phaidros-serhi-ilahi-cilginlik,İlahi Çılgınlık ve Kanatlı Ruh Üzerine,Neoplatonizm,159
ilahi-isimler-iyi-ve-guzel-areopagit-dionysius,İlahi İsimler: İyi ve Güzel Üzerine,Neoplatonizm,141
al-kindi-akil-uzerine-ilk-akil,İlk Akıl ve Aklın Dört Türü,Neoplatonizm,148
damascius-ilk-ilkeler-uzerine-guclukler-ve-cozumler,İlk İlkeler Üzerine Güçlükler ve Çözümler,Neoplatonizm,132
damaskios-ilk-ilkeler-uzerine-soylenemez-bir,İlk İlkeler Üzerine: Söylenemez Olan,Neoplatonizm,167
nemesios-insan-kucuk-evren,"Nemesios'un İnsan, Küçük Evren Öğretisi",Neoplatonizm,130
plotinos-enneadlar-alti-dokuz-iyi-ya-da-bir,İyi yahut Bir Üzerine,Neoplatonizm,152
ficino-solen-serhi-ask-uzerine-platonik-ziyafet,Şölen Şerhi: Aşk Üzerine,Neoplatonizm,33384
michael-maier-themis-aurea-altinci-kanun-gizlilik,Altın Themis: Kardeşliğin Altıncı Kanunu ve Yüz Yıllık Sükût,Gizli Cemiyetler,109
christian-rosenkreutzun-simyasal-dugunu-habercinin-gelisi,Christian Rosenkreutz&#x27;un Simyasal Düğünü: Habercinin Gelişi,Gizli Cemiyetler,3999
andreae-christianopolis-laboratuvar,Christianopolis Cumhuriyeti&#x27;nin Tasviri: Laboratuvar Üzerine,Gizli Cemiyetler,149
villars-comte-de-gabalis-dort-unsur-ruhlari,Comte de Gabalis: Unsurların Ruhları ve Âdem&#x27;in Yitirilmiş Egemenliği,Gizli Cemiyetler,19559
confessio-fraternitatis,Confessio Fraternitatis: Övgüye Değer Gül Haç Kardeşliği&#x27;nin İtirafı,Gizli Cemiyetler,188
robert-fludd-summum-bonum-gul-hac-savunmasi,En Yüce İyilik Üzerine: Gül Haç Kardeşliğinin Savunusu,Gizli Cemiyetler,30295
fama-fraternitatis,"Fama Fraternitatis, Kardeşliğin İlanı",Gizli Cemiyetler,130
rainsford-gul-hac-kardesligi-iktibaslari-themis-aurea,Gül Haç Kardeşliğine Dair İktibaslar: Themis Aurea&#x27;nın Altın Yasaları,Gizli Cemiyetler,273
john-heydon-gul-hac-kardesligine-katilis,Gül-Haç Kardeşliğine Katılış,Gizli Cemiyetler,151
waite-masonlukta-gizli-gelenek-sir,Masonlukta Gizli Gelenek,Gizli Cemiyetler,194
philadelphia-hermetik-sanata-kardes-sevgisi,Philadelphia: Hermetik Sanatın Taliplerine Kardeş Sevgisi,Gizli Cemiyetler,431
max-heindel-rozikrusyen-kozmo-anlayisi-bilgelik-ozlemi,Rozikrusyen Kozmo-Anlayışı: Bilgeliğe Duyulan Yakıcı Özlem,Gizli Cemiyetler,28010
waite-rozikrusyenlerin-gercek-tarihi-kardesligin-kendi-tanikligi,Rozikrusyenlerin Gerçek Tarihi: Kardeşliğin Kendi Tanıklığı,Gizli Cemiyetler,18161
gizli-ogreti-rozikrusyen-sonsuz-uzay-magus-incognito,Rozikrusyenlerin Gizli Öğretisi: Sonsuz Uzayın Simgesi,Gizli Cemiyetler,2718
sperber-echo-god-enlightened-fraternity,Tanrı&#x27;nın Aydınlattığı Kardeşliğin Yankısı,Gizli Cemiyetler,142
bacon-yeni-atlantis-suleyman-evi,Yeni Atlantis: Süleyman Evi&#x27;nin Gerçek Hâli,Gizli Cemiyetler,19999
cigliklardan-sonra-sessizlik-maier,Çığlıklardan Sonra Sessizlik,Gizli Cemiyetler,135
albertus-magnus-de-mineralibus-taslarin-gucu,"Albertus Magnus, Mineraller Kitabı: Taşların Gizli Gücü Üzerine",Simya,211
michael-maier-tripus-aureus-altin-ayakli-kazan,Altın Ayaklı Kazan,Simya,163
helvetius-altin-buzagi-donusum-tanikligi,Altın Buzağı: Bir Dönüşümün Tanıklığı,Simya,156
helvetius-altin-buzagi-kursunun-donusumu,Altın Buzağı: Kurşunun Altına Dönüşümü,Simya,149
michael-maier-altin-masanin-simgeleri-on-iki-milletin-simyasi,Altın Masanın Simgeleri,Simya,126
altin-masanin-simgeleri-on-iki-milletin,Altın Masanın Simgeleri: On İki Milletin Altın Masası,Simya,1481
altin-risale-tractatus-aureus-filozof-tasi,Altın Risale: Filozof Taşı Üzerine,Simya,115
von-suchten-antimonun-sirlari-tanrinin-armagani,Antimonun Sırları: Zor Bir Sanat ve Tanrı&#x27;nın Armağanı,Simya,177
artephius-gizli-kitap-antimon-saturn,Artephius&#x27;un Gizli Kitabı: Antimon ile Satürn&#x27;ün Payı,Simya,133
vigenere-ates-ve-tuz-uzerine,Ateş ve Tuz Üzerine,Simya,15551
aurora-consurgens-yukselen-safak-simya,Aurora Consurgens: Yükselen Şafak,Simya,113
grasshoff-aperta-arca-ikili-kimya,Açılmış Sandık: Her Şeyin İçindeki Gizli Ruh,Simya,128
ripley-bagir-kitabi-izdusum,Bağır Kitabı: İksirin İzdüşümü,Simya,119
figulus-hermes-vahyi-besinci-oz,Beşinci Öz: Hermes&#x27;in Vahyi Kitabı&#x27;ndan,Simya,114
john-of-rupescissa-consideration-of-the-quintessence,Beşinci Özün Düşünülmesi Üzerine,Simya,175
bilgelerin-su-tasi-sophic-hydrolith,Bilgelerin Su Taşı: Sophic Hydrolith,Simya,185
vaughan-magia-adamica-bilme-arzusu,Bilme Arzusu: İnsana Ekilmiş İlk Tohum,Simya,124
bloomfield-blossoms-camp-of-philosophy,Bloomfield&#x27;in Çiçekleri: Felsefe Ordugâhı,Simya,141
bernard-of-trevisan-thomas-of-bologna-mektubu,Bologna&#x27;lı Thomas&#x27;a Cevap: İlk Madde Üzerine,Simya,213
robert-fludd-anatominin-amfiteatri-bugdayin-anatomisi,Buğdayın Anatomisi: Gizli Şeyleri Bilme Arzusu,Simya,233
stephanus-buyuk-ve-kutsal-sanat,Büyük ve Kutsal Sanat Üzerine: Yukarıdan İnen Armağan,Simya,129
ashmole-buyulu-ve-melek-tasi,"Bitkisel, Büyülü ve Melek Taşları Üzerine",Simya,706
ruland-lexicon-anima-can-ruh-beden,Can: Ruh ile Beden Arasındaki Üçüncü İlke,Simya,158
ripley-cantilena-yasli-kralin-yeniden-dogusu,Cantilena: Yaşlı Kralın Yeniden Doğuşu,Simya,144
cremer-vasiyeti-westminster-basrahibi,Cremer&#x27;in Vasiyeti: Westminster Başrahibinin İtirafı,Simya,180
angelus-sala-diana-kristalleri-ay-mushili,Diana&#x27;nın Kristalleri: Angelus Sala&#x27;nın Ay Müshili,Simya,173
charnock-doga-felsefesinin-ozeti-yazarin-onsozu,Doğa Felsefesinin Özeti: Yazarın Önsözü,Simya,170
geber-summa-perfectionis-kukurt-civa-dengesi,Doğanın Eylemlerini Kurduğu İlkeler Üzerine,Simya,3712
thomas-vaughan-anima-magica-abscondita-anima-mundi,Doğanın Gizli Ruhu: Âlemin Canı Üzerine,Simya,155
dogamin-tuzu-uzerine-nuysement,Doğanın Tuzu Üzerine,Simya,160
despagnet-enchiridion-dunya-uc-bolge,"Dünya, Zanaatkârın Küreye Döndürdüğü Eser",Simya,138
roger-bacon-radix-mundi-dunyanin-koku,Dünyanın Kökü,Simya,202
gloria-mundi-cennet-levhasi,Dünyanın İhtişamı: Cennet Levhası,Simya,20667
khunrath-amphitheatrum-sapientiae-oratory-laboratory-simya,Ebedi Hikmet Amfitiyatrosu: Oratoryum ve Laboratuvar,Simya,144
eudoxus-alti-anahtar-birinci-anahtar,Eudoxus&#x27;un Altı Anahtarı: Birinci Anahtar,Simya,91
flamel-felsefenin-ozeti,Felsefenin Özeti,Simya,149
michael-maier-felsefi-hafta-simya-bilmeceleri,"Felsefi Hafta: Süleyman, Saba Melikesi ve Simyanın Bilmeceleri",Simya,5201
geber-summa-perfectionis-tek-tas,Feylesof Taşı Tektir: Geber ve Kemalin Mükemmeli,Simya,198
rosarium-philosophorum-tek-sey,Feylesofların Taşı: Zenginin de Yoksulun da Elindeki Tek Şey,Simya,220
turba-philosophorum-filozoflar-meclisi,Filozoflar Meclisi: Kadim Bilgeliğin Toplanışı,Simya,95
dastin-gul-bahcesi-simya,Filozofların En Gizli Gül Bahçesi,Simya,221
rosarium-philosophorum,Filozofların Gül Bahçesi,Simya,131
filozoflarin-gul-bahcesi-birlesme-kutsal-dugun,Filozofların Gül Bahçesi: Birleşme ve Kutsal Düğün,Simya,134
edward-kelly-filozoflarin-tasi-hakikat-ugruna,Filozofların Taşı: Hakikat Uğruna Yazılmış Bir İthaf,Simya,143
paracelsus-filozoflarin-safagi-bilge-krallar,Filozofların Şafağı: Bilge Krallar ve Hermes Trismegistus,Simya,165
democritus-physica-et-mystica,Fiziksel ve Mistik Şeyler,Simya,138
splendor-solis,Güneşin Görkemi,Simya,151
michael-maier-gurultunun-ardindan-sukut,Gürültünün Ardından Sükût: Bir Savunma ve Cevap,Simya,181
jean-despagnet-hermetik-arcanum-filozofun-hazirligi,Hermetik Arcanum: Filozofun Ruhsal Hazırlığı,Simya,119
silberer-hermetik-sanat-ve-simya,Hermetik Sanat ile Simyanın Kardeşliği,Simya,29559
figulus-paradisus-aureolus-hermeticus-alchemy-theory,Hermetik Sanatın Kuramı: Tek Taş ve Büyük Eser,Simya,153
hermetik-zafer-tek-seyden-dogan-eser-simya,Hermetik Zafer: Tek Bir Şeyden Doğan Eser,Simya,123
flamel-hiyeroglif-figurler,Hiyeroglif Figürler Kitabı,Simya,4250
homerin-altin-zinciri-dogamn-kokeni,Homer&#x27;in Altın Zinciri: Doğanın Kökeni Üzerine,Simya,129
homerin-altin-zinciri-doga-ve-kaos-kirchweger-simya,Homeros&#x27;un Altın Zinciri: Doğa Nedir ve Her Şey Kimden Doğar,Simya,261
aula-lucis-isik-sarayi-vaughan,Işık Sarayı,Simya,143
thomas-vaughan-lumen-de-lumine-isiktan-isik,Işıktan Işık,Simya,15753
janitor-pansophus-her-seyi-bilen-kapici,Janitor Pansophus: Her Şeyi Bilen Kapıcı,Simya,5998
khunrath-kaos-uzerine-itiraf-yazarin-kehaneti,Kaos Üzerine İtiraf: Yazarın Kehaneti,Simya,187
maier-atalanta-fugiens,Kaçan Atalanta,Simya,236
jean-beguin-kimyanin-tanimi,Kimyanın Tanımı Üzerine,Simya,163
kralin-kapali-sarayina-acik-giris,Kralın Kapalı Sarayına Açık Giriş,Simya,141
philalethes-acik-giris,Kralın Sarayına Açık Giriş,Simya,165
olympiodoros-kutsal-sanat-uzerine-ilahi-su,Kutsal Sanat Üzerine: İlahi Suyun Gizlenişi,Simya,121
salomon-trismosin-kizil-aslan-aureum-vellus,Kızıl Aslan: Doğanın Gizli Hazinesi,Simya,26783
lambspring-kitabi-geyik-ile-tekboynuz,Lambspring Kitabı: Geyik ile Tekboynuz,Simya,124
thomas-vaughan-lumen-de-lumine-isiktan-isik-simya,Lumen de Lumine: Işıktan Işık,Simya,124
hollandus-opera-mineralia-saturn-oil-of-metals,Madenlerin Yağı Üzerine: Satürn&#x27;ün Ameli,Simya,134
nazari-madensel-donusum-uzerine,Madensel Dönüşüm Üzerine,Simya,152
razi-sirlarin-sirri-simya-manzumesi,Manzum Simya Kitabı: Râzî&#x27;ye Atfedilen Sırlar,Simya,163
sendivogius-merkur-simyaci-ve-doga-diyalogu,"Merkür, Simyacı ve Doğa Diyalogu",Simya,119
becher-physica-subterranea-madenler-topraktir,Metaller Topraktan İbarettir: Becher&#x27;in Üçlü Toprak Öğretisi,Simya,151
denis-zachaire-metaller-uzerine-risale,Metaller Üzerine Risale,Simya,148
petrus-bonus-metallerin-ilk-maddesi,Metallerin İlk Maddesi Üzerine,Simya,145
pernety-mito-hermetik-sozluk-hermes-kabi,"Mito-Hermetik Sözlük: Taş, Beden ile Ruhtan Yoğrulmuş Bir Canlı Gibidir",Simya,134
zosimos-omega-harfi-uzerine,Omega Harfi Üzerine,Simya,127
basil-valentine-on-iki-anahtar,On İki Anahtar,Simya,176
basilius-valentinus-on-iki-anahtar-birinci-anahtar-simya,On İki Anahtar: Birinci Anahtar,Simya,147
basil-valentine-on-iki-anahtar-birinci-anahtar-boz-kurt,On İki Anahtar: Birinci Anahtar ve Boz Kurdun Sırrı,Simya,13440
george-ripley-twelve-gates-invocation,On İki Kapı: Simyacının Yakarışı ve Tek Kütlenin Sırrı,Simya,208
starkey-pyrotechny-altin-post-pesindekiler,Piroteknik: Altın Post Peşindeki Sahte Simyacılar,Simya,158
ripley-revivd,Ripley Yeniden Canlanıyor,Simya,179
vaughan-anthroposophia-theomagica-ruhun-yolculugu-simya,"Ruhun Yolculuğu: Ölüm, Ruhun Doğuşudur",Simya,172
ashmole-saadete-giden-yol,Saadete Giden Yol,Simya,112
hollandus-opera-mineralia-saturnun-eseri,Satürn&#x27;ün Eseri: Mineral Eserleri&#x27;nin İlk Kitabı,Simya,172
bohme-signatura-rerum-imza-ogretisi-simya,Signatura Rerum: Her Şeyin İmzası,Simya,181
libavius-alchemia-simya-nedir,Simya Nedir: Libavius&#x27;un Tanımı,Simya,202
robert-fludd-musevi-felsefe-nurun-karanliktan-dogusu,Simya: Nurun Karanlıktan Doğuşu,Simya,169
waite-simyacilarin-gercek-amaci-insanin-kemale-ermesi,Simyacıların Gerçek Amacı: İnsanın Kemale Ermesi,Simya,43769
roger-bacon-simyanin-aynasi-tasin-mukemmelligi,Simyanın Aynası: Taşın Kusursuzluğu Üzerine,Simya,187
norton-simyanin-duzeni,Simyanın Düzeni,Simya,258
halid-ibn-yezid-sirlar-kitabi-simyanin-sirri,Simyanın Sırları Kitabı: Sırların Sırrı,Simya,131
thomas-norton-ordinall-sade-uslup,Simyanın Sırrını Örten Peçe: Thomas Norton&#x27;un Yalın Söz Vaadi,Simya,181
morienus-composition-of-alchemy,Simyanın Terkibi Üzerine: Morienus&#x27;un Kral Calid&#x27;e Söylevi,Simya,158
viridarium-chymicum,Simyevi Yeşil Bahçe,Simya,154
basil-valentine-son-vasiyet,Son Vasiyet,Simya,182
gerhard-dorn-simya-anahtari-spekulatif-felsefe,Spekülatif Meseleler: İnsanın Birliği ve Maddenin Ruha Dönüşü,Simya,105
splendor-solis-gunesin-ihtisami-mistik-altin-simya,Splendor Solis: Güneşin İhtişamı,Simya,112
ramon-llull-testamentum-sozcuklerin-kabugu,"Sözcüklerin Kabuğu Değil, Doğanın Güçleri",Simya,120
theatrum-chemicum-tabiata-hizmet,Tabiata Hizmet Eden Sanat,Simya,165
paracelsus-tabiatin-yuce-sirlari-simya,Tabiatın Yüce Sırları: Gizli Felsefenin Üç Temeli,Simya,156
basil-valentine-tabii-ve-tabiatustu-seyler,Tabii ve Tabiatüstü Şeyler Üzerine,Simya,133
turba-philosophorum-filozoflar-meclisi-dort-unsur-simya,Turba Philosophorum: Filozoflar Meclisi,Simya,156
yahudi-meryem-tribikos-sanati,Yahudi Meryem&#x27;in Sanatı: Tribikos ve Damıtmanın Doğuşu,Simya,133
glauber-yeni-felsefi-firinlar-damitma-onsoz,Yeni Felsefi Fırınlar: Damıtma Sanatının Önsözü,Simya,4033
sendivogius-yeni-kimya-isigi,Yeni Kimya Işığı,Simya,140
mylius-philosophia-reformata-yenilenmis-felsefe,Yenilenmiş Felsefe: Işıkların Babası&#x27;ndan İnen Amel,Simya,167
yeryuzunun-gogu-vaughan-coelum-terrae,Yeryüzünün Göğü,Simya,134
michael-maier-viatorium-yedi-gezegen-daglari,Yolcunun Rehberi: Yedi Gezegenin Dağları,Simya,139
aurora-consurgens,Yükselen Şafak,Simya,146
trevisolu-bernard-cesme-kral-ve-banyo-simya,"Çeşme, Kral ve Banyo",Simya,128
salmon-medicina-practica-hermes-trismegistus-quintessence,Üç Kere Ulu Hermes ve Filozofların Quintessence&#x27;ı,Simya,119
croll-basilica-chymica-imzalar-ogretisi,İmzalar Öğretisi: Doğanın Dilsiz Konuşması,Simya,232
paracelsus-seylerin-tabiati-uzerine-cogalma,Şeylerin Tabiatı Üzerine: Doğal Şeylerin Doğuşu,Simya,154
anaksimandros-fragmanlari-ilk-ilke,Anaksimandros: Sonsuzluk ve İlk İlke,Neoplatonizm,1514
ksenophanes-tanri-anlayisi-fragmanlari,Ksenophanes: Tek Tanrı ve İnsan Biçimli Tanrıların Eleştirisi,Neoplatonizm,1118
zenon-hareket-paradokslari,"Zenon: Aşil, Kaplumbağa ve Hareketin İmkânsızlığı",Neoplatonizm,1679
anaksimenes-hava-ilk-ilke,Anaksimenes: Hava ve İlk İlke,Neoplatonizm,961
herakleitos-fairbanks-fragmanlari,"Herakleitos: Çekişme, Uyum ve Değişimin Bilgeliği",Neoplatonizm,787
melissos-varlik-sonsuzlugu,Melissos: Varlığın Sonsuzluğu ve Değişmezliği,Neoplatonizm,1637
pisagor-ruh-gocu-sayi-mistisizmi,Pisagor: Sayı Mistisizmi ve Ruh Göçü,Neoplatonizm,1340
thales-su-ilk-ilke,Thales: Suyun İlk İlke Oluşu,Neoplatonizm,1348
anaksagoras-nous-akil-ilkesi,Anaksagoras: Nous ve Akıl İlkesi,Neoplatonizm,590
empedokles-dort-kok-sevgi-cekisme,"Empedokles: Dört Kök, Sevgi ve Çekişme",Neoplatonizm,923
corpus-hermeticum-i-poimandres-tam-metin,"Corpus Hermeticum I: Poimandres, İnsanların Çobanı",Hermetizm,2052
corpus-hermeticum-ii-asklepiosa-uzay-ve-tanri,"Corpus Hermeticum II: Asklepios'a — Uzay, Cisimsiz ve Tanrı",Hermetizm,1382
corpus-hermeticum-v-gorunmez-tanri-en-gorunendir,Corpus Hermeticum V: Görünmez Olan Tanrı En Çok Görünendir,Hermetizm,1067
vitruvius-mimarin-egitimi-yedi-sanat,Vitruvius: Mimarın Eğitimi ve Yedi Sanat,Kutsal Geometri ve Mimari,1119
paracelsus-archidoxa-mikrokozmosun-sirri,Paracelsus: Archidoxa'nın Birinci Kitabı — Mikrokozmosun Sırrı,Ezoterik Tıp,2088
corpus-hermeticum-viii-yok-olus-yoktur,Corpus Hermeticum VIII: Var Olan Hiçbir Şey Yok Olmaz,Hermetizm,439
corpus-hermeticum-ix-dusunce-ve-duyu,Corpus Hermeticum IX: Düşünce ve Duyu Üzerine,Hermetizm,923
corpus-hermeticum-vi-tanrida-iyilik,Corpus Hermeticum VI: İyilik Yalnız Tanrı'dadır,Hermetizm,734
vitruvius-insan-bedeni-simetri-daire-kare,"Vitruvius: İnsan Bedeni, Simetri, Daire ve Kare",Kutsal Geometri ve Mimari,803
apollodoros-gok-toprak-tanrilarin-dogusu,Apollodoros: Tanrıların Doğuşu ve Gigantomakhia,Mit ve Kutsal Anlatı,747
plinius-dogal-tarih-evren-ve-ogeler-uzerine,Plinius: Evren ve Öğeler Üzerine,Kozmoloji,725
hermese-homerik-ilahi-apollon-ile-uzlasma-kehanet-armagani,Hermes&#x27;e Homerik İlahi: Apollon ile Uzlaşma ve Kehanet Armağanı,Mit ve Kutsal Anlatı,1204
timaios-dort-oge-ve-bes-duzgun-kati,Timaios: Dört Öğe ve Beş Düzgün Katı,Kutsal Geometri ve Mimari,731
culpeper-tam-sifali-bitkiler-kitabindan-secmeler,Culpeper: Tam Şifalı Bitkiler Kitabı&#x27;ndan Seçmeler,Ezoterik Tıp,1133
ani-papirusu-olumler-kitabi-revizyonlari,Ölüler Kitabı: Ani Papirüsü — Revizyonlar ve Kadimlik,Mısır,453
anton-tapinakcilarin-sirri-ve-adetleri,Tapınakçıların Sırrı ve Âdetleri Üzerine İnceleme,Gizli Cemiyetler,2357
court-de-gebelin-saturn-zamanin-tanrisi,"Satürn, Merkür ve Herkül: Zamanın Tanrısı ve Çağların Şifresi",Zaman,240
crata-repoa-misir-rahiplerinin-inisiyasyonu,Crata Repoa: Mısır Rahiplerinin İnisiyasyon Dereceleri,İnisiyasyon,611
drexel-ebediyet-uzerine,Ebediyet Üzerine: Zamanın Ötesindeki Düzen,Zaman,940
macrobius-scipionun-ruyasi-serhi-buyuk-yil,Macrobius&#x27;un Scipio&#x27;nun Rüyası Şerhi: Kürelerin Uyumu ve Büyük Yıl,Zaman,1229
maglarin-ilmi-papus-inisiyatik-bilim,Magî İlmi: İnisiyatik Bir Bilim Olarak Okültizm,İnisiyasyon,1309
masonlukta-yuksek-dereceler-en-gizli-misterler,Masonluğun Yüksek Derecelerinin En Gizli Misterleri,İnisiyasyon,1046
molayin-mezari-inisiyelerin-gizli-tarihi,Jacques de Molay&#x27;ın Mezarı: İnisiyelerin Gizli Tarihi,Gizli Cemiyetler,823
nicolai-tapinakcilara-yoneltilen-suclamalar,Tapınakçılara Yöneltilen Suçlamalar: Baphomet&#x27;in Sırrı,Gizli Cemiyetler,2559
philoponus-dunyanin-ebediligine-karsi,Proclus&#x27;a Karşı: Dünyanın Bir Başlangıcı Var mıydı?,Zaman,928
regiomontanus-kalendarium-zamanin-hesabi,Regiomontanus Kalendarium&#x27;u: Basılı İlk Takvim ve Zamanın Hesabı,Zaman,0
tapinakci-rituel-el-yazmasi-kabul-toreni,"Tapınakçı Ritüeli: Çırağın, Şövalyenin ve Yeminli Üyenin Kabulü",Gizli Cemiyetler,2062
tapinakcilarin-yargilanmasi-papalik-tutanaklari,Tapınakçıların Yargılanması: Papalık Arşivinden Dava Tutanakları,Gizli Cemiyetler,1086
visconti-sforza-tarosu-en-eski-tarot,Visconti-Sforza Tarosu: Hayatta Kalan En Eski Tarot,Tarot,0
wichmanshausen-tapinakci-duzeninin-sonu,Tapınakçı Düzeninin Sonu Üzerine,Gizli Cemiyetler,1422
budge-misir-buyusu-tchatcha-em-ankh,Mısır Büyüsü: Tchatcha-em-ankh ve Gölün Yarılışı,Mısır,1091
plutarkhos-isis-ve-osiris-uzerine-hikmet-arayisi,İsis ve Osiris Üzerine: Hikmet Arayışı ve Rahiplerin Perhizi,Mısır,928
waite-pictorial-key-to-the-tarot-onsoz,Resimli Tarot Anahtarı: Sahte Tarih ve Gizli Gelenek,Tarot,637
eliphas-levi-yuce-buyu-girisi-sebt-gorusu,Yüce Büyünün Dogması ve Ritüeli: Perdenin Ardındaki Öğreti,Büyü ve Okült,1036
albert-pike-morals-and-dogma-cirak-derecesi-guc-ve-akil,"Ahlak ve Dogma: Çırak Derecesi, Kör Güç ve Akıl",Gizli Cemiyetler,516
papus-tarot-of-the-bohemians-giris-cingeneler,Çingenelerin Tarotu: Bilgeliğin Halka Emanet Edilişi,Tarot,857
censorinus-buyuk-yil-caglarin-olcusu,Büyük Yıl Üzerine: Çağların Yedi Farklı Ölçüsü,Zaman,614
thomas-taylor-eleusis-gizemleri-inisiyasyon-toreni,Eleusis Gizemleri: Dokuz Kutsal Gün ve İnisiyasyon Töreni,İnisiyasyon,649
budge-misirin-tanrilari-dindarlik-ve-tanri-krallar,Mısır&#x27;ın Tanrıları: Herodotos&#x27;un Tanıklığı ve Tanrı-Kralların Kökeni,Mısır,500
hildegard-von-bingen-dort-unsurun-gucleri-ates-hava-su,"Dört Unsurun Güçleri: Ateş, Hava ve Suyun Bedendeki İşleyişi",Ezoterik Tıp,366
wilmshurst-masonlugun-anlami-inisiyasyonun-tanimi,Masonluğun Anlamı: İnisiyasyonun Gerçek Tanımı,İnisiyasyon,534
batlamyus-tetrabiblos-dort-cheyrek-yeryuzu-astrolojisi,Tetrabiblos: Dünyanın Dört Çeyreği ve Ulusların Yıldız Payı,Astroloji,1031
brontologion-damidos-gok-gurultusu-falnamesi,Kâhin Damis&#x27;in Gök Gürültüsü Falnamesi: On İki Ayın Kehaneti,Astroloji,366
firmicus-maternus-on-iki-evin-adlari-ve-anlamlari,On İki Evin Adları ve Anlamları,Astroloji,433
pisagor-kuresi-isim-sayi-kehanet-yontemi,"Pisagor&#x27;un Küresi: İsimden Sayıya, Sayıdan Kehanete",Astroloji,298
